Image,Start,End,Seals
WV03_20171222135730_1040010036B3C800_17DEC22135730-P1BS-501956614030_01_P002_u08rf3031,1554067689.1513705,1554067716.258453,0
WV03_20171001134643_104001003319CE00_17OCT01134643-P1BS-501946281020_01_P003_u08rf3031,1554067716.3420615,1554067749.2238562,0
WV03_20171231131510_1040010037D67B00_17DEC31131510-P1BS-501954062040_01_P010_u08rf3031,1554067749.301353,1554067788.640437,0
WV03_20171207114214_10400100350EF600_17DEC07114214-P1BS-501920250040_01_P005_u08rf3031,1554067788.72198,1554067917.3356748,0
WV03_20171118180921_104001003538B500_17NOV18180921-P1BS-501922406060_01_P002_u08rf3031,1554067917.4528127,1554067943.9074206,2
WV03_20180110221123_10400100370F9B00_18JAN10221123-P1BS-501968332100_01_P002_u08rf3031,1554067943.9864805,1554067968.1342697,5
WV03_20170722224523_104001002F579500_17JUL22224523-P1BS-501497983050_01_P010_u08rf3031,1554067968.216741,1554067989.596966,117
WV03_20171109235229_1040010035198000_17NOV09235229-P1BS-501920259100_01_P002_u08rf3031,1554067989.6679235,1554068021.0821097,4
WV03_20171012132236_1040010033CAB400_17OCT12132236-P1BS-501862130100_01_P005_u08rf3031,1554068021.1609569,1554068118.5374134,0
WV03_20171129130321_1040010035C14300_17NOV29130321-P1BS-501934303060_01_P013_u08rf3031,1554068118.6413486,1554068143.4413066,0
WV03_20171119213934_10400100353D7F00_17NOV19213934-P1BS-501922410010_01_P004_u08rf3031,1554068143.5129998,1554068167.5522203,14
WV03_20170930200335_1040010034A0B400_17SEP30200335-P1BS-501946356040_01_P002_u08rf3031,1554068167.6264,1554068206.523501,0
WV03_20171105130741_1040010035B40300_17NOV05130741-P1BS-501934295030_01_P002_u08rf3031,1554068206.6011457,1554068234.0264025,3
WV03_20171109204129_1040010035C9BC00_17NOV09204129-P1BS-501934390090_01_P002_u08rf3031,1554068234.096827,1554068263.924036,20
WV03_20171213131708_1040010036439D00_17DEC13131708-P1BS-501954010060_01_P005_u08rf3031,1554068263.9961557,1554068368.9284792,43
WV03_20180101145826_10400100368A4600_18JAN01145826-P1BS-501956586040_01_P002_u08rf3031,1554068369.0323637,1554068399.3228073,22
WV03_20180105030411_10400100378C0D00_18JAN05030411-P1BS-501954097080_01_P007_u08rf3031,1554068399.3927388,1554068430.7316098,171
WV03_20180110140231_104001003529FE00_18JAN10140231-P1BS-501922394090_01_P010_u08rf3031,1554068430.805062,1554068475.69185,2
WV03_20171012132235_1040010033CAB400_17OCT12132235-P1BS-501862130100_01_P004_u08rf3031,1554068475.7787373,1554068612.2527084,0
WV03_20180108003512_104001003810BA00_18JAN08003512-P1BS-501954066040_01_P002_u08rf3031,1554068612.3752081,1554068637.8246162,63
WV03_20171117130044_1040010035752D00_17NOV17130044-P1BS-501932161080_01_P002_u08rf3031,1554068637.8969083,1554068664.232223,51
WV03_20171231131510_1040010037D67B00_17DEC31131510-P1BS-501954062040_01_P009_u08rf3031,1554068664.3049808,1554068767.2446675,0
WV03_20170918151746_10400100322EE500_17SEP18151746-P1BS-501946228090_01_P007_u08rf3031,1554068767.3470933,1554068800.9455793,0
WV03_20170925134914_10400100328FF600_17SEP25134914-P1BS-501946247080_01_P001_u08rf3031,1554068801.0247087,1554068914.4874341,0
WV03_20170924102158_10400100337EE700_17SEP24102158-P1BS-501946301090_01_P003_u08rf3031,1554068914.598202,1554068947.7917109,0
WV03_20171213101204_104001003601E700_17DEC13101204-P1BS-501934400030_01_P007_u08rf3031,1554068947.865227,1554069076.9854822,3
WV03_20170818231739_1040010031442200_17AUG18231739-P1BS-501946158030_01_P005_u08rf3031,1554069077.1067882,1554069200.1027014,0
WV03_20171231131507_1040010037D67B00_17DEC31131507-P1BS-501954062040_01_P007_u08rf3031,1554069200.213424,1554069305.140208,0
WV03_20170922130359_104001003263A000_17SEP22130359-P1BS-501946239020_01_P001_u08rf3031,1554069305.2483423,1554069405.9490936,0
WV03_20171213131711_1040010036439D00_17DEC13131711-P1BS-501954010060_01_P007_u08rf3031,1554069406.045615,1554069511.3587432,185
WV03_20171210140618_1040010035B7F800_17DEC10140618-P1BS-501934294060_01_P005_u08rf3031,1554069511.4677923,1554069608.5072064,0
WV03_20171012132310_10400100341DB600_17OCT12132310-P1BS-501862141090_01_P011_u08rf3031,1554069608.645352,1554069656.617119,5
WV03_20170922144154_1040010033AFD100_17SEP22144154-P1BS-501946342070_01_P010_u08rf3031,1554069656.6999085,1554069717.3131711,2
WV03_20171212161724_10400100352BCE00_17DEC12161724-P1BS-501922395080_01_P001_u08rf3031,1554069717.4061642,1554069827.610106,0
WV03_20170829015921_1040010031980900_17AUG29015921-P1BS-501669240030_01_P005_u08rf3031,1554069827.758235,1554069924.4548697,0
WV03_20170829020022_1040010032BE7600_17AUG29020022-P1BS-501603156010_01_P002_u08rf3031,1554069924.5663712,1554070034.522387,0
WV03_20171224210135_104001003667B100_17DEC24210135-P1BS-501956499020_01_P005_u08rf3031,1554070034.647796,1554070168.6549737,64
WV03_20171229042857_1040010035CF1800_17DEC29042857-P1BS-501934395010_01_P010_u08rf3031,1554070168.8166864,1554070229.9667778,0
WV03_20171215135722_104001003601D800_17DEC15135722-P1BS-501934400020_01_P002_u08rf3031,1554070230.0543723,1554070373.9851737,0
WV03_20171103124640_1040010035127B00_17NOV03124640-P1BS-501920254040_01_P001_u08rf3031,1554070374.1059287,1554070452.982146,0
WV03_20171228233755_10400100375C6600_17DEC28233755-P1BS-501968393010_01_P001_u08rf3031,1554070453.0787585,1554070561.9546108,0
WV03_20171008220624_1040010033948000_17OCT08220624-P1BS-501862029010_01_P010_u08rf3031,1554070562.0675206,1554070609.5273237,2
WV03_20171101103518_1040010033289100_17NOV01103518-P1BS-501896681080_01_P008_u08rf3031,1554070609.6327436,1554070657.916179,0
WV03_20171219180622_1040010036BBC300_17DEC19180622-P1BS-501968307050_01_P005_u08rf3031,1554070658.0002959,1554070750.415895,32
WV03_20171214182601_10400100365DB100_17DEC14182601-P1BS-501956494030_01_P004_u08rf3031,1554070750.5155675,1554070890.7354848,11
WV03_20170818231737_1040010031442200_17AUG18231737-P1BS-501946158030_01_P004_u08rf3031,1554070890.8653069,1554071012.755759,0
WV03_20171016125039_1040010034323300_17OCT16125039-P1BS-501989207060_01_P002_u08rf3031,1554071012.8711743,1554071142.9518042,0
WV03_20171105130800_1040010035D2F700_17NOV05130800-P1BS-501934396080_01_P001_u08rf3031,1554071143.1290815,1554071253.1613867,10
WV03_20171110192337_1040010034AD8400_17NOV10192337-P1BS-501920096010_01_P003_u08rf3031,1554071253.2809973,1554071367.6609018,0
WV03_20170923132127_104001003384DE00_17SEP23132127-P1BS-501946333100_01_P010_u08rf3031,1554071367.7783394,1554071408.56581,21
WV03_20171209072429_1040010035B2C300_17DEC09072429-P1BS-501934293010_01_P001_u08rf3031,1554071408.6521516,1554071517.635533,0
WV03_20170922144259_1040010033327700_17SEP22144259-P1BS-501946286070_01_P010_u08rf3031,1554071517.7726233,1554071589.820858,4
WV03_20171127010231_1040010035BFC200_17NOV27010231-P1BS-501934300070_01_P001_u08rf3031,1554071589.931678,1554071697.7725422,0
WV03_20170610231016_104001002E331300_17JUN10231016-P1BS-501946149020_01_P005_u08rf3031,1554071697.885695,1554071822.0242393,0
WV03_20180105124801_1040010037CE6800_18JAN05124801-P1BS-501954061030_01_P010_u08rf3031,1554071822.1407287,1554071877.703997,34
WV03_20171121234543_10400100343F2100_17NOV21234543-P1BS-501917425010_01_P001_u08rf3031,1554071877.7916389,1554072009.683928,0
WV03_20171216221049_1040010036916100_17DEC16221049-P1BS-501956592050_01_P007_u08rf3031,1554072009.8705447,1554072145.681945,0
WV03_20170921174049_1040010032D5E400_17SEP21174049-P1BS-501946276060_01_P004_u08rf3031,1554072145.8074822,1554072250.0913124,0
WV03_20170716131004_104001002F2A7D00_17JUL16131004-P1BS-501992558050_01_P003_u08rf3031,1554072250.2002003,1554072365.3271263,0
WV03_20170716131002_104001002F2A7D00_17JUL16131002-P1BS-501992558050_01_P002_u08rf3031,1554072365.435762,1554072482.7203088,0
WV03_20171022030247_10400100335A2600_17OCT22030247-P1BS-501862017090_01_P001_u08rf3031,1554072482.893704,1554072611.905412,1
WV03_20171127073241_1040010035A2CC00_17NOV27073241-P1BS-501934280070_01_P003_u08rf3031,1554072612.0234427,1554072754.5556335,0
WV03_20171024064847_1040010033143700_17OCT24064847-P1BS-501896677100_01_P001_u08rf3031,1554072754.699592,1554072864.003546,0
WV03_20180105191717_10400100389ADA00_18JAN05191717-P1BS-501954070060_01_P002_u08rf3031,1554072864.117278,1554072991.591646,0
WV03_20170829015959_10400100323D7700_17AUG29015959-P1BS-501603141010_01_P003_u08rf3031,1554072991.7177653,1554073127.6381505,0
WV03_20170829230116_1040010032504B00_17AUG29230116-P1BS-501603144080_01_P002_u08rf3031,1554073127.8154058,1554073260.3475268,0
WV03_20180105191718_10400100389ADA00_18JAN05191718-P1BS-501954070060_01_P003_u08rf3031,1554073260.5294397,1554073387.2234938,0
WV03_20171120054238_1040010034B98600_17NOV20054238-P1BS-501920102020_01_P001_u08rf3031,1554073387.4069245,1554073519.0081828,0
WV03_20170828094920_10400100315F5700_17AUG28094920-P1BS-501669232080_01_P008_u08rf3031,1554073519.1464407,1554073652.0207443,0
WV03_20171120055220_10400100341A6000_17NOV20055220-P1BS-501896790010_01_P010_u08rf3031,1554073652.1660824,1554073701.1896195,0
WV03_20170829230114_1040010032504B00_17AUG29230114-P1BS-501603144080_01_P001_u08rf3031,1554073701.2867622,1554073826.52951,0
WV03_20170901140632_1040010031BE8A00_17SEP01140632-P1BS-501669350010_01_P005_u08rf3031,1554073826.6478314,1554073951.3899407,0
WV03_20171214151815_10400100361B2100_17DEC14151815-P1BS-501934417040_01_P009_u08rf3031,1554073951.5820181,1554074091.0121713,0
WV03_20170613123929_104001002DB9B700_17JUN13123929-P1BS-501461502070_01_P002_u08rf3031,1554074091.1317313,1554074250.5397904,7
WV03_20170906085620_10400100328C1D00_17SEP06085620-P1BS-501603150050_01_P001_u08rf3031,1554074250.694101,1554074378.4600592,0
WV03_20171201195602_104001003699AA00_17DEC01195602-P1BS-501956598010_01_P001_u08rf3031,1554074378.5876987,1554074542.8358066,3
WV03_20170921012828_1040010033CF8000_17SEP21012828-P1BS-501946348050_01_P005_u08rf3031,1554074542.971475,1554074671.0142136,0
WV03_20170902222546_10400100310D2700_17SEP02222546-P1BS-501667685050_01_P008_u08rf3031,1554074671.1489668,1554074777.681848,1
WV03_20171214035137_1040010037929500_17DEC14035137-P1BS-501954099020_01_P001_u08rf3031,1554074777.8442407,1554074940.6874633,3
WV03_20170905101659_104001003283AB00_17SEP05101659-P1BS-501603149020_01_P001_u08rf3031,1554074940.8288014,1554075065.3274317,0
WV03_20180109121856_104001003782D300_18JAN09121856-P1BS-501968402070_01_P007_u08rf3031,1554075065.5290632,1554075251.3059607,0
WV03_20170830231602_1040010032ABD800_17AUG30231602-P1BS-501603153060_01_P001_u08rf3031,1554075251.459485,1554075380.737811,0
WV03_20170907104849_1040010033D30D00_17SEP07104849-P1BS-501603217090_01_P001_u08rf3031,1554075380.9096875,1554075515.0256612,0
WV03_20171012195507_1040010033D1A300_17OCT12195507-P1BS-501862135010_01_P003_u08rf3031,1554075515.1684144,1554075643.520615,2
WV03_20171118180940_10400100361E4100_17NOV18180940-P1BS-501953985080_01_P001_u08rf3031,1554075643.6510012,1554075755.1998868,23
WV03_20171231131358_1040010036245800_17DEC31131358-P1BS-501953989020_01_P006_u08rf3031,1554075755.360116,1554075896.8198743,7
WV03_20171218125901_104001003639F700_17DEC18125901-P1BS-501954000020_01_P003_u08rf3031,1554075896.9735956,1554076068.9608774,1
WV03_20170902142117_10400100311B6100_17SEP02142117-P1BS-501669219050_01_P008_u08rf3031,1554076069.1112397,1554076208.8097534,0
WV03_20171225082734_10400100377EF300_17DEC25082734-P1BS-501968401030_01_P009_u08rf3031,1554076208.924936,1554076357.1414073,0
WV03_20170903031559_104001003198E700_17SEP03031559-P1BS-501669242020_01_P003_u08rf3031,1554076357.2658906,1554076503.3351574,0
WV03_20171217080137_10400100362B1100_17DEC17080137-P1BS-501953993070_01_P008_u08rf3031,1554076503.4643104,1554076671.7917833,2
WV03_20171205112122_1040010035670F00_17DEC05112122-P1BS-501932136070_01_P001_u08rf3031,1554076671.912584,1554076814.3007345,0
WV03_20170818134121_10400100311A6D00_17AUG18134121-P1BS-501669219040_01_P010_u08rf3031,1554076814.4116209,1554076981.2340293,0
WV03_20170920123601_1040010034C31B00_17SEP20123601-P1BS-501946357040_01_P008_u08rf3031,1554076981.394568,1554077114.3056498,0
WV03_20170920123552_1040010034C31B00_17SEP20123552-P1BS-501946357040_01_P002_u08rf3031,1554077114.4542153,1554077241.6642005,4
WV03_20170921012826_1040010033CF8000_17SEP21012826-P1BS-501946348050_01_P004_u08rf3031,1554077241.8142788,1554077361.2867568,0
WV03_20171027140221_1040010034574400_17OCT27140221-P1BS-501917434030_01_P003_u08rf3031,1554077361.3976412,1554077504.632998,0
WV03_20171107040621_10400100356CF400_17NOV07040621-P1BS-501932139010_01_P010_u08rf3031,1554077504.825683,1554077582.533227,0
WV03_20171208021633_10400100365E7000_17DEC08021633-P1BS-501956494080_01_P002_u08rf3031,1554077582.6636808,1554077719.1682851,7
WV03_20171026040446_1040010032C6B300_17OCT26040446-P1BS-501896677020_01_P010_u08rf3031,1554077719.2843978,1554077832.6715827,0
WV03_20171009141713_10400100336DFF00_17OCT09141713-P1BS-501862022060_01_P006_u08rf3031,1554077832.7930336,1554077961.4559457,0
WV03_20171229042850_1040010035CF1800_17DEC29042850-P1BS-501934395010_01_P005_u08rf3031,1554077961.581108,1554078149.5513525,160
WV03_20170923212624_104001003270D000_17SEP23212624-P1BS-501987108070_01_P002_u08rf3031,1554078149.700564,1554078306.5028434,1
WV03_20171126053837_104001003672BE00_17NOV26053837-P1BS-501956506020_01_P001_u08rf3031,1554078306.6489844,1554078449.2585487,0
WV03_20170901221125_10400100318B7500_17SEP01221125-P1BS-501669238100_01_P005_u08rf3031,1554078449.381802,1554078562.8119278,1
WV03_20171117094920_1040010035CC6F00_17NOV17094920-P1BS-501934389050_01_P001_u08rf3031,1554078562.9358513,1554078691.6476102,10
WV03_20180101115222_1040010035BAB700_18JAN01115222-P1BS-501934298020_01_P006_u08rf3031,1554078691.7606928,1554078842.5785801,0
WV03_20170920123558_1040010034C31B00_17SEP20123558-P1BS-501946357040_01_P006_u08rf3031,1554078842.7340887,1554078975.1249146,12
WV03_20170722224520_104001002F579500_17JUL22224520-P1BS-501497983050_01_P007_u08rf3031,1554078975.2658708,1554079096.0247471,138
WV03_20170920123439_1040010033939B00_17SEP20123439-P1BS-501946333080_01_P002_u08rf3031,1554079096.213439,1554079235.1856933,9
WV03_20171218062840_1040010037708200_17DEC18062840-P1BS-501968397050_01_P006_u08rf3031,1554079235.367798,1554079351.5857542,133
WV03_20171023143819_1040010034CFCC00_17OCT23143819-P1BS-501862242010_01_P001_u08rf3031,1554079351.7443705,1554079483.157913,0
WV03_20171023000549_10400100335C5B00_17OCT23000549-P1BS-501862017040_01_P009_u08rf3031,1554079483.3690736,1554079656.2999678,0
WV03_20171023143831_1040010034CFCC00_17OCT23143831-P1BS-501862242010_01_P008_u08rf3031,1554079656.4528637,1554079819.2550488,2
WV03_20180110140240_10400100366F8800_18JAN10140240-P1BS-501956505020_01_P001_u08rf3031,1554079819.404283,1554079957.908279,75
WV03_20171123143501_104001003620DA00_17NOV23143501-P1BS-501953987010_01_P001_u08rf3031,1554079958.053193,1554080129.4364152,61
WV03_20171214151701_10400100352EE100_17DEC14151701-P1BS-501922398090_01_P004_u08rf3031,1554080129.6592805,1554080287.5167632,0
WV03_20180110140343_1040010036700100_18JAN10140343-P1BS-501956503050_01_P002_u08rf3031,1554080287.6481297,1554080415.6072881,163
WV03_20170905101708_104001003283AB00_17SEP05101708-P1BS-501603149020_01_P007_u08rf3031,1554080415.7434754,1554080539.7087376,0
WV03_20170922144252_1040010033327700_17SEP22144252-P1BS-501946286070_01_P005_u08rf3031,1554080539.8254702,1554080663.5812356,0
WV03_20170902142226_1040010032096400_17SEP02142226-P1BS-501603135090_01_P010_u08rf3031,1554080663.717419,1554080799.6622436,0
WV03_20180103184733_10400100376B8600_18JAN03184733-P1BS-501968396060_01_P003_u08rf3031,1554080799.8220448,1554080888.0389693,0
WV03_20171231211215_1040010035D6AE00_17DEC31211215-P1BS-501934398060_01_P001_u08rf3031,1554080888.1572978,1554081059.1439266,28
WV03_20171001072003_10400100349A1200_17OCT01072003-P1BS-501946356020_01_P001_u08rf3031,1554081059.278144,1554081230.4039588,4
WV03_20171231211221_1040010035D6AE00_17DEC31211221-P1BS-501934398060_01_P005_u08rf3031,1554081230.5773497,1554081401.4075313,10
WV03_20171102220522_1040010034883F00_17NOV02220522-P1BS-501920081100_01_P002_u08rf3031,1554081401.53303,1554081580.847726,4
WV03_20170922130405_104001003263A000_17SEP22130405-P1BS-501946239020_01_P005_u08rf3031,1554081580.9660327,1554081737.3046598,53
WV03_20171113070936_10400100350B5900_17NOV13070936-P1BS-501920249050_01_P003_u08rf3031,1554081737.47037,1554081902.709288,115
WV03_20171224160925_1040010037300700_17DEC24160925-P1BS-501968379040_01_P006_u08rf3031,1554081902.8707073,1554082087.0505767,0
WV03_20170722130635_104001002E59F800_17JUL22130635-P1BS-501992469080_01_P002_u08rf3031,1554082087.19587,1554082227.4402184,7
WV03_20180110140231_104001003529FE00_18JAN10140231-P1BS-501922394090_01_P009_u08rf3031,1554082227.5977428,1554082364.237017,139
WV03_20171116125036_1040010035348800_17NOV16125036-P1BS-501922404070_01_P009_u08rf3031,1554082364.4282768,1554082493.8527265,0
WV03_20171219212023_10400100365A6E00_17DEC19212023-P1BS-501956491090_01_P004_u08rf3031,1554082493.968197,1554082646.0483844,8
WV03_20171007134238_104001003465C200_17OCT07134238-P1BS-501862157090_01_P001_u08rf3031,1554082646.1822057,1554082792.7613337,21
WV03_20171007134151_10400100346D1B00_17OCT07134151-P1BS-501862159090_01_P004_u08rf3031,1554082792.899492,1554082908.1989791,29
WV03_20171203104753_10400100358A8A00_17DEC03104753-P1BS-501932177040_01_P006_u08rf3031,1554082908.3374786,1554083043.3039408,0
WV03_20171220083758_10400100362EAC00_17DEC20083758-P1BS-501953996090_01_P001_u08rf3031,1554083043.4983582,1554083181.4867222,14
WV03_20170910113158_1040010031BA0D00_17SEP10113158-P1BS-501669248050_01_P001_u08rf3031,1554083181.640744,1554083346.4378848,10
WV03_20171102220628_10400100351EFF00_17NOV02220628-P1BS-501920263100_01_P003_u08rf3031,1554083346.6124082,1554083497.6677365,0
WV03_20171021140744_1040010034520600_17OCT21140744-P1BS-501862154020_01_P002_u08rf3031,1554083497.8738708,1554083662.7362704,87
WV03_20171228184923_1040010037C9CB00_17DEC28184923-P1BS-501954060060_01_P006_u08rf3031,1554083663.1757648,1554083803.6176205,0
WV03_20171124145741_1040010035CC1B00_17NOV24145741-P1BS-501934392020_01_P001_u08rf3031,1554083803.7809737,1554083915.274396,9
WV03_20170905003335_1040010032CA3E00_17SEP05003335-P1BS-501603157080_01_P003_u08rf3031,1554083915.4272861,1554084044.4085307,0
WV03_20171205125455_1040010036C83400_17DEC05125455-P1BS-501968315050_01_P005_u08rf3031,1554084044.55219,1554084173.9827094,10
WV03_20171218081447_10400100360B2900_17DEC18081447-P1BS-501934406010_01_P005_u08rf3031,1554084174.1476393,1554084317.0021367,0
WV03_20171230142803_10400100367D9900_17DEC30142803-P1BS-501956515030_01_P004_u08rf3031,1554084317.1675875,1554084433.3066456,571
WV03_20171008135854_104001003249AE00_17OCT08135854-P1BS-501861929070_01_P006_u08rf3031,1554084433.486106,1554084562.1532023,1
WV03_20171130014928_1040010036BEB100_17NOV30014928-P1BS-501968309080_01_P008_u08rf3031,1554084562.3036132,1554084686.0241413,6
WV03_20170905101805_10400100323D5600_17SEP05101805-P1BS-501603143070_01_P005_u08rf3031,1554084686.1550949,1554084819.344342,0
WV03_20171204042926_10400100361C8D00_17DEC04042926-P1BS-501934418040_01_P005_u08rf3031,1554084819.4995818,1554084970.406992,7
WV03_20171206063744_1040010036185400_17DEC06063744-P1BS-501934415030_01_P008_u08rf3031,1554084970.564141,1554085052.5954661,437
WV03_20171207083000_10400100334AB800_17DEC07083000-P1BS-501896770070_01_P001_u08rf3031,1554085052.693199,1554085181.2458065,0
WV03_20171121185859_104001003599E300_17NOV21185859-P1BS-501932188080_01_P001_u08rf3031,1554085181.3633173,1554085301.0186353,0
WV03_20171231145025_10400100368E7200_17DEC31145025-P1BS-501956589080_01_P004_u08rf3031,1554085301.264231,1554085414.1672747,1
WV03_20171228184917_1040010037C9CB00_17DEC28184917-P1BS-501954060060_01_P002_u08rf3031,1554085414.3269298,1554085532.6056654,40
WV03_20171108072908_1040010034A33700_17NOV08072908-P1BS-501920091100_01_P001_u08rf3031,1554085532.764262,1554085671.9021554,2
WV03_20171102135948_104001003504B100_17NOV02135948-P1BS-501920244060_01_P005_u08rf3031,1554085672.1011407,1554085865.3901029,0
WV03_20170925090028_1040010032B45600_17SEP25090028-P1BS-501946252050_01_P001_u08rf3031,1554085865.635838,1554086023.7056053,0
WV03_20171215072158_1040010036C3CB00_17DEC15072158-P1BS-501968314010_01_P006_u08rf3031,1554086023.879311,1554086151.7417526,0
WV03_20170921160441_1040010033034F00_17SEP21160441-P1BS-501946277010_01_P012_u08rf3031,1554086151.8778634,1554086256.1230235,0
WV03_20170915125118_10400100313F1600_17SEP15125118-P1BS-501946159070_01_P002_u08rf3031,1554086256.268405,1554086394.1778164,26
WV03_20171008140140_10400100331A8C00_17OCT08140140-P1BS-501861944010_01_P006_u08rf3031,1554086394.3049157,1554086559.4061224,0
WV03_20170922144258_1040010033327700_17SEP22144258-P1BS-501946286070_01_P009_u08rf3031,1554086559.5554953,1554086693.1789436,1
WV03_20180110140252_10400100366F8800_18JAN10140252-P1BS-501956505020_01_P008_u08rf3031,1554086693.3087935,1554086835.658838,37
WV03_20171229235452_1040010037181A00_17DEC29235452-P1BS-501968374060_01_P006_u08rf3031,1554086835.8352122,1554086961.696489,0
WV03_20170918151739_10400100322EE500_17SEP18151739-P1BS-501946228090_01_P002_u08rf3031,1554086961.864934,1554087116.9888394,0
WV03_20170916144454_1040010033285800_17SEP16144454-P1BS-501946282050_01_P002_u08rf3031,1554087117.1397624,1554087241.9624174,0
WV03_20171219015415_104001003753A000_17DEC19015415-P1BS-501968390020_01_P002_u08rf3031,1554087242.1031466,1554087381.1359298,64
WV03_20171024002111_10400100339D8F00_17OCT24002111-P1BS-501896776090_01_P001_u08rf3031,1554087381.3175278,1554087495.4393735,39
WV03_20180105030406_10400100378C0D00_18JAN05030406-P1BS-501954097080_01_P003_u08rf3031,1554087495.5753145,1554087630.2238932,2
WV03_20170922144149_1040010033AFD100_17SEP22144149-P1BS-501946342070_01_P006_u08rf3031,1554087630.3712249,1554087768.5985649,1
WV03_20170901140449_10400100320CF700_17SEP01140449-P1BS-501603136050_01_P004_u08rf3031,1554087768.742479,1554087912.3255236,1
WV03_20171122043653_10400100354A6F00_17NOV22043653-P1BS-501932113080_01_P002_u08rf3031,1554087912.620782,1554088029.6191194,3
WV03_20171123143355_1040010034307A00_17NOV23143355-P1BS-501896798100_01_P003_u08rf3031,1554088029.7557707,1554088147.441737,179
WV03_20171202102929_10400100353C4D00_17DEC02102929-P1BS-501922408070_01_P004_u08rf3031,1554088147.6048563,1554088296.4723966,0
WV03_20171108220229_1040010035D7F000_17NOV08220229-P1BS-501934398080_01_P003_u08rf3031,1554088296.6390238,1554088445.4652135,8
WV03_20171012132416_10400100331ADE00_17OCT12132416-P1BS-501861945010_01_P008_u08rf3031,1554088445.6072185,1554088561.4583488,73
WV03_20171124145949_10400100358EDA00_17NOV24145949-P1BS-501932180050_01_P006_u08rf3031,1554088561.6050518,1554088695.803295,14
WV03_20170922144256_1040010033327700_17SEP22144256-P1BS-501946286070_01_P008_u08rf3031,1554088696.0058293,1554088821.8889472,1
WV03_20171008220612_1040010033948000_17OCT08220612-P1BS-501862029010_01_P001_u08rf3031,1554088822.0526464,1554088944.8684392,7
WV03_20171022142423_1040010035CB7300_17OCT22142423-P1BS-501862247080_01_P001_u08rf3031,1554088944.9894655,1554089089.195606,5
WV03_20171214120343_1040010036695200_17DEC14120343-P1BS-501956499100_01_P004_u08rf3031,1554089089.3199732,1554089268.0304601,0
WV03_20171218081440_10400100360B2900_17DEC18081440-P1BS-501934406010_01_P001_u08rf3031,1554089268.1931741,1554089399.577985,0
WV03_20171118051255_104001003445E300_17NOV18051255-P1BS-501917427090_01_P003_u08rf3031,1554089399.6851375,1554089550.7452307,6
WV03_20170927030302_1040010033243E00_17SEP27030302-P1BS-501946283040_01_P007_u08rf3031,1554089550.865022,1554089697.0330303,0
WV03_20171229042857_1040010035CF1800_17DEC29042857-P1BS-501934395010_01_P009_u08rf3031,1554089697.1481187,1554089831.5456777,0
WV03_20171021140639_104001003568EC00_17OCT21140639-P1BS-501862248040_01_P006_u08rf3031,1554089831.6569872,1554089942.6626847,0
WV03_20170710131356_104001002F525400_17JUL10131356-P1BS-501992562040_01_P001_u08rf3031,1554089942.7674012,1554090068.9239018,0
WV03_20170927030209_10400100345D7C00_17SEP27030209-P1BS-501946351040_01_P004_u08rf3031,1554090069.0330288,1554090225.8224692,0
WV03_20171205174246_1040010036B9AE00_17DEC05174246-P1BS-501968306020_01_P001_u08rf3031,1554090225.9420564,1554090367.328359,85
WV03_20171120103941_1040010034751000_17NOV20103941-P1BS-501917442060_01_P005_u08rf3031,1554090367.447875,1554090525.992724,0
WV03_20170722224413_104001002E7EBE00_17JUL22224413-P1BS-501497905050_01_P005_u08rf3031,1554090526.1006186,1554090719.0385048,78
WV03_20171224094902_10400100368BD000_17DEC24094902-P1BS-501956587020_01_P005_u08rf3031,1554090719.1571503,1554090905.9516492,0
WV03_20171006083720_1040010033113200_17OCT06083720-P1BS-501861939080_01_P002_u08rf3031,1554090906.0709488,1554091060.9893289,0
WV03_20170912134300_10400100322C0100_17SEP12134300-P1BS-501946228060_01_P009_u08rf3031,1554091061.0991142,1554091209.3559623,24
WV03_20170914190751_1040010031B26C00_17SEP14190751-P1BS-501946163100_01_P003_u08rf3031,1554091209.46638,1554091301.3691034,14
WV03_20171214214134_1040010035CBB100_17DEC14214134-P1BS-501934391090_01_P001_u08rf3031,1554091301.4654284,1554091432.685825,178
WV03_20171127140756_104001003529B600_17NOV27140756-P1BS-501922394010_01_P003_u08rf3031,1554091432.7931108,1554091578.159565,17
WV03_20171215022917_1040010035172D00_17DEC15022917-P1BS-501920257020_01_P002_u08rf3031,1554091578.2821672,1554091704.3756354,6
WV03_20171228135648_1040010036A0BD00_17DEC28135648-P1BS-501956600060_01_P001_u08rf3031,1554091704.4922729,1554091826.748265,493
WV03_20171019084510_1040010033903C00_17OCT19084510-P1BS-501862028040_01_P003_u08rf3031,1554091826.8550196,1554091953.8755221,0
WV03_20171217061443_1040010035003800_17DEC17061443-P1BS-501920241020_01_P002_u08rf3031,1554091953.9923296,1554092074.6377418,28
WV03_20171123094832_10400100358C3700_17NOV23094832-P1BS-501932177080_01_P002_u08rf3031,1554092074.7553475,1554092214.2284143,0
WV03_20171023000543_10400100335C5B00_17OCT23000543-P1BS-501862017040_01_P005_u08rf3031,1554092214.3441205,1554092334.7156281,5
WV03_20170920221712_10400100336D0200_17SEP20221712-P1BS-501946297100_01_P001_u08rf3031,1554092334.823636,1554092447.561551,0
WV03_20170917163817_10400100326D0A00_17SEP17163817-P1BS-501946240080_01_P005_u08rf3031,1554092447.6768413,1554092568.6645277,18
WV03_20171225001400_104001003780E700_17DEC25001400-P1BS-501968402010_01_P012_u08rf3031,1554092568.7716577,1554092666.0268168,387
WV03_20171116044942_1040010035CA1700_17NOV16044942-P1BS-501934391010_01_P011_u08rf3031,1554092666.1176958,1554092779.4148102,1
WV03_20171023000440_10400100321C5900_17OCT23000440-P1BS-501861930050_01_P007_u08rf3031,1554092779.5130994,1554092955.9725127,4
WV03_20170929180822_10400100320A5C00_17SEP29180822-P1BS-501946167080_01_P003_u08rf3031,1554092956.0934694,1554093113.1789794,87
WV03_20171021140755_1040010034520600_17OCT21140755-P1BS-501862154020_01_P008_u08rf3031,1554093113.2815363,1554093302.3322616,0
WV03_20170922144152_1040010033AFD100_17SEP22144152-P1BS-501946342070_01_P008_u08rf3031,1554093302.4546998,1554093474.7296102,0
WV03_20171121024445_104001003542B400_17NOV21024445-P1BS-501922413030_01_P003_u08rf3031,1554093474.845825,1554093644.5034127,220
WV03_20171110044420_104001003537F400_17NOV10044420-P1BS-501922404020_01_P001_u08rf3031,1554093644.6129034,1554093778.5068963,115
WV03_20171021234904_1040010035972E00_17OCT21234904-P1BS-501862249050_01_P001_u08rf3031,1554093778.6051345,1554093932.1299987,7
WV03_20171021140750_1040010034520600_17OCT21140750-P1BS-501862154020_01_P005_u08rf3031,1554093932.2469747,1554094083.8964226,6
WV03_20171220083851_1040010036A78C00_17DEC20083851-P1BS-501956605060_01_P001_u08rf3031,1554094084.014407,1554094224.092336,48
WV03_20171120103845_104001003449C900_17NOV20103845-P1BS-501917428070_01_P005_u08rf3031,1554094224.2043505,1554094352.5876982,0
WV03_20171016174520_104001003434BF00_17OCT16174520-P1BS-501989207080_01_P007_u08rf3031,1554094352.699526,1554094494.206562,0
WV03_20180105124758_1040010037CE6800_18JAN05124758-P1BS-501954061030_01_P007_u08rf3031,1554094494.3180428,1554094622.4505317,55
WV03_20171201051935_104001003515C400_17DEC01051935-P1BS-501920257100_01_P002_u08rf3031,1554094622.5592194,1554094807.3525355,5
WV03_20171120103821_1040010032AD0200_17NOV20103821-P1BS-501896675030_01_P004_u08rf3031,1554094807.4799273,1554094980.3374145,0
WV03_20171120103947_1040010034751000_17NOV20103947-P1BS-501917442060_01_P009_u08rf3031,1554094980.4559476,1554095120.644715,0
WV03_20171120103829_1040010032AD0200_17NOV20103829-P1BS-501896675030_01_P009_u08rf3031,1554095120.7603006,1554095282.3437822,0
WV03_20171218143447_1040010037125100_17DEC18143447-P1BS-501968333060_01_P002_u08rf3031,1554095282.4540396,1554095502.4899588,3863
WV03_20171030211939_104001003444FD00_17OCT30211939-P1BS-501917427040_01_P002_u08rf3031,1554095502.610249,1554095676.1377625,33
WV03_20171108220341_1040010034415800_17NOV08220341-P1BS-501917426080_01_P006_u08rf3031,1554095676.26476,1554095798.3654454,145
WV03_20171027140333_1040010034872700_17OCT27140333-P1BS-501920081070_01_P011_u08rf3031,1554095798.4754872,1554095952.3148339,84
WV03_20171205062124_1040010036051400_17DEC05062124-P1BS-501934402080_01_P002_u08rf3031,1554095952.4333987,1554096098.8782744,7
WV03_20171205062216_1040010037899400_17DEC05062216-P1BS-501954095070_01_P001_u08rf3031,1554096098.9989815,1554096266.6690083,282
WV03_20171022044143_1040010034BDBA00_17OCT22044143-P1BS-501862237080_01_P001_u08rf3031,1554096266.792534,1554096429.8374665,205
WV03_20171228041519_10400100386FE600_17DEC28041519-P1BS-501954067090_01_P004_u08rf3031,1554096429.974496,1554096633.273403,177
WV03_20171104062454_1040010033AF3000_17NOV04062454-P1BS-501896778090_01_P006_u08rf3031,1554096633.460924,1554096782.4466164,43
WV03_20171020090031_1040010033BDB000_17OCT20090031-P1BS-501862037020_01_P006_u08rf3031,1554096782.560977,1554096955.2853289,0
WV03_20171209023218_1040010036498000_17DEC09023218-P1BS-501954013070_01_P002_u08rf3031,1554096955.4390194,1554097105.6791384,96
WV03_20171016223153_10400100336BD500_17OCT16223153-P1BS-501862021070_01_P002_u08rf3031,1554097105.8009713,1554097277.148941,17
WV03_20171120103924_1040010035AA3700_17NOV20103924-P1BS-501934286080_01_P007_u08rf3031,1554097277.2683117,1554097407.200912,0
WV03_20170911034414_10400100315FAD00_17SEP11034414-P1BS-501984220080_01_P006_u08rf3031,1554097407.3422325,1554097582.1674244,1
WV03_20171015141112_1040010033C93E00_17OCT15141112-P1BS-501862132070_01_P005_u08rf3031,1554097582.282107,1554097728.5052586,522
WV03_20171229235337_10400100365BA200_17DEC29235337-P1BS-501956492040_01_P002_u08rf3031,1554097728.6035943,1554097902.8442793,10
WV03_20171123094839_10400100358C3700_17NOV23094839-P1BS-501932177080_01_P006_u08rf3031,1554097903.0061724,1554098084.9131296,0
WV03_20171209023216_1040010036498000_17DEC09023216-P1BS-501954013070_01_P001_u08rf3031,1554098085.0563343,1554098229.8943138,161
WV03_20170923132002_1040010032CF9F00_17SEP23132002-P1BS-501946276020_01_P003_u08rf3031,1554098230.0391033,1554098364.914389,0
WV03_20171220070732_104001003555CF00_17DEC20070732-P1BS-501932122090_01_P005_u08rf3031,1554098365.068154,1554098477.9579287,0
WV03_20171204204426_1040010036202100_17DEC04204426-P1BS-501953986080_01_P007_u08rf3031,1554098478.1283503,1554098631.0053415,0
WV03_20171121060627_1040010034B6BB00_17NOV21060627-P1BS-501920101030_01_P007_u08rf3031,1554098631.132397,1554098823.0531218,0
WV03_20171219212026_10400100365A6E00_17DEC19212026-P1BS-501956491090_01_P006_u08rf3031,1554098823.2139535,1554099038.2151756,125
WV03_20171025021347_104001003420ED00_17OCT25021347-P1BS-501896792030_01_P001_u08rf3031,1554099038.3722546,1554099185.4813015,66
WV03_20171125101918_104001003642BD00_17NOV25101918-P1BS-501954008070_01_P002_u08rf3031,1554099185.6032534,1554099358.4752238,1
WV03_20171121123358_1040010036D53000_17NOV21123358-P1BS-501968324080_01_P001_u08rf3031,1554099358.5958605,1554099521.920253,0
WV03_20171203105131_104001003626E200_17DEC03105131-P1BS-501953990050_01_P009_u08rf3031,1554099522.0709257,1554099674.6868913,0
WV03_20171002073548_10400100331CB200_17OCT02073548-P1BS-501946281080_01_P001_u08rf3031,1554099674.8365602,1554099820.6932788,10
WV03_20170830231747_104001003206E800_17AUG30231747-P1BS-501669353060_01_P002_u08rf3031,1554099820.8088324,1554099981.3615212,2
WV03_20180110221102_10400100363FB000_18JAN10221102-P1BS-501954007020_01_P010_u08rf3031,1554099981.498352,1554100125.1587124,167
WV03_20171120103850_104001003449C900_17NOV20103850-P1BS-501917428070_01_P008_u08rf3031,1554100125.2949882,1554100255.0208507,3
WV03_20171116222927_1040010035AFB200_17NOV16222927-P1BS-501934291010_01_P003_u08rf3031,1554100255.1633484,1554100414.0233297,21
WV03_20171213131837_1040010036446A00_17DEC13131837-P1BS-501954009020_01_P007_u08rf3031,1554100414.1656344,1554100560.137705,156
WV03_20171212175404_1040010036569100_17DEC12175404-P1BS-501954093030_01_P003_u08rf3031,1554100560.2770298,1554100687.7697833,124
WV03_20170921205631_104001003259F300_17SEP21205631-P1BS-501946236060_01_P001_u08rf3031,1554100687.9056964,1554100823.817337,0
WV03_20171216185727_1040010035993400_17DEC16185727-P1BS-501932187030_01_P003_u08rf3031,1554100823.952273,1554101006.7071743,25
WV03_20171105064141_10400100345D8400_17NOV05064141-P1BS-501917433080_01_P001_u08rf3031,1554101006.8526118,1554101193.3263524,324
WV03_20170918151741_10400100322EE500_17SEP18151741-P1BS-501946228090_01_P003_u08rf3031,1554101193.466741,1554101383.7513568,0
WV03_20171214085024_1040010035461300_17DEC14085024-P1BS-501922415070_01_P001_u08rf3031,1554101383.923836,1554101546.4400978,3
WV03_20171106132516_104001003454F400_17NOV06132516-P1BS-501917431050_01_P001_u08rf3031,1554101546.5849407,1554101707.6596067,99
WV03_20171019070910_104001003379BC00_17OCT19070910-P1BS-501862023040_01_P002_u08rf3031,1554101707.7961552,1554101867.4610744,67
WV03_20171118051253_104001003445E300_17NOV18051253-P1BS-501917427090_01_P002_u08rf3031,1554101867.6047022,1554102020.8551729,8
WV03_20171108220235_1040010035D7F000_17NOV08220235-P1BS-501934398080_01_P006_u08rf3031,1554102021.0303707,1554102202.054552,82
WV03_20171002073616_1040010033161900_17OCT02073616-P1BS-501946280040_01_P003_u08rf3031,1554102202.1823232,1554102332.227927,2
WV03_20170925152944_1040010032C90600_17SEP25152944-P1BS-501946274020_01_P001_u08rf3031,1554102332.373348,1554102499.4640613,6
WV03_20170913153740_10400100328C2700_17SEP13153740-P1BS-501946246050_01_P009_u08rf3031,1554102499.6022418,1554102631.8190975,0
WV03_20170907220756_1040010031027700_17SEP07220756-P1BS-501984203070_01_P003_u08rf3031,1554102631.9614367,1554102787.610971,4
WV03_20171019084605_10400100333D1B00_17OCT19084605-P1BS-501862010100_01_P004_u08rf3031,1554102787.7415211,1554102991.7027192,0
WV03_20171105064149_10400100345D8400_17NOV05064149-P1BS-501917433080_01_P006_u08rf3031,1554102991.8603609,1554103133.6950727,0
WV03_20171217141950_1040010037587B00_17DEC17141950-P1BS-501968392040_01_P006_u08rf3031,1554103133.8051243,1554103325.4606786,967
WV03_20171031200113_104001003419C900_17OCT31200113-P1BS-501896789080_01_P005_u08rf3031,1554103325.6094203,1554103456.4238846,0
WV03_20170928193148_1040010033752400_17SEP28193148-P1BS-501946300030_01_P004_u08rf3031,1554103456.570854,1554103597.879216,0
WV03_20171120041509_1040010035814900_17NOV20041509-P1BS-501932171020_01_P003_u08rf3031,1554103598.0519643,1554103736.4785767,0
WV03_20171229042942_10400100368CA000_17DEC29042942-P1BS-501956588090_01_P004_u08rf3031,1554103736.6139278,1554103868.4041378,1102
WV03_20171020135045_1040010033C33D00_17OCT20135045-P1BS-501862132010_01_P002_u08rf3031,1554103868.536401,1554104019.5748549,28
WV03_20171230044602_1040010036D44200_17DEC30044602-P1BS-501968325080_01_P003_u08rf3031,1554104019.7154722,1554104234.777301,68
WV03_20170928193249_1040010032028E00_17SEP28193249-P1BS-501946165100_01_P008_u08rf3031,1554104234.9040923,1554104408.964843,0
WV03_20171001134758_104001003280B600_17OCT01134758-P1BS-501946244090_01_P004_u08rf3031,1554104409.1067169,1554104613.7339125,4
WV03_20171003061225_10400100333EF600_17OCT03061225-P1BS-501862011030_01_P001_u08rf3031,1554104613.861777,1554104759.6315444,1
WV03_20180106031859_10400100378DE800_18JAN06031859-P1BS-501954098030_01_P006_u08rf3031,1554104759.768801,1554104945.2549992,66
WV03_20171001072004_10400100349A1200_17OCT01072004-P1BS-501946356020_01_P002_u08rf3031,1554104945.387549,1554105136.8716578,76
WV03_20170913171346_1040010032983500_17SEP13171346-P1BS-501946249040_01_P002_u08rf3031,1554105136.9862022,1554105337.5315812,8
WV03_20171117031846_1040010034847200_17NOV17031846-P1BS-501920080050_01_P006_u08rf3031,1554105337.6712298,1554105505.1968713,1
WV03_20171130162941_10400100357A9000_17NOV30162941-P1BS-501932166040_01_P001_u08rf3031,1554105505.340634,1554105695.0868034,0
WV03_20171024051126_10400100331D3500_17OCT24051126-P1BS-501896678040_01_P002_u08rf3031,1554105695.2122374,1554105900.484221,0
WV03_20171214085133_1040010035AF0500_17DEC14085133-P1BS-501934290060_01_P003_u08rf3031,1554105900.5997896,1554106058.0977247,1
WV03_20171118033503_1040010035802000_17NOV18033503-P1BS-501932170050_01_P008_u08rf3031,1554106058.228092,1554106216.060707,0
WV03_20171227023120_104001003625B800_17DEC27023120-P1BS-501953989100_01_P007_u08rf3031,1554106216.2110977,1554106399.0643926,8
WV03_20171124212041_1040010035C2D500_17NOV24212041-P1BS-501934304070_01_P003_u08rf3031,1554106399.2044117,1554106606.6792002,26
WV03_20171231050046_1040010037A2C100_17DEC31050046-P1BS-501954104040_01_P001_u08rf3031,1554106606.8331122,1554106773.6756415,80
WV03_20180107051149_1040010036B4AD00_18JAN07051149-P1BS-501956614050_01_P002_u08rf3031,1554106773.8267124,1554106994.0346897,109
WV03_20171120041507_1040010035814900_17NOV20041507-P1BS-501932171020_01_P002_u08rf3031,1554106994.1601357,1554107179.6974196,2
WV03_20180107051246_10400100371ABB00_18JAN07051246-P1BS-501968375010_01_P003_u08rf3031,1554107179.8067842,1554107371.4504552,44
WV03_20170829051428_10400100311EC100_17AUG29051428-P1BS-501669221100_01_P005_u08rf3031,1554107371.6030169,1554107532.786453,0
WV03_20171012132259_10400100341DB600_17OCT12132259-P1BS-501862141090_01_P004_u08rf3031,1554107532.92968,1554107752.635577,103
WV03_20170907220841_1040010030B0A500_17SEP07220841-P1BS-501667677050_01_P002_u08rf3031,1554107752.7527027,1554107959.2698433,3
WV03_20171001134802_104001003280B600_17OCT01134802-P1BS-501946244090_01_P006_u08rf3031,1554107959.3976016,1554108132.5300987,6
WV03_20171006231025_104001003429B800_17OCT06231025-P1BS-501862145060_01_P005_u08rf3031,1554108132.6713877,1554108278.496397,1
WV03_20170914043402_1040010033B73100_17SEP14043402-P1BS-501946342010_01_P006_u08rf3031,1554108278.6489606,1554108415.6330388,1
WV03_20170904064835_10400100326A9700_17SEP04064835-P1BS-501603147100_01_P002_u08rf3031,1554108415.786449,1554108570.4521906,0
WV03_20171001134800_104001003280B600_17OCT01134800-P1BS-501946244090_01_P005_u08rf3031,1554108570.5882313,1554108795.3215444,7
WV03_20171007071609_104001003300EC00_17OCT07071609-P1BS-501861940100_01_P001_u08rf3031,1554108795.4739332,1554108960.7518005,0
WV03_20170904082358_10400100334F9600_17SEP04082358-P1BS-501603159050_01_P007_u08rf3031,1554108960.8716483,1554109102.690218,0
WV03_20170925072358_1040010031629500_17SEP25072358-P1BS-501946161030_01_P003_u08rf3031,1554109102.825068,1554109237.7017748,16
WV03_20170926024623_10400100320D9900_17SEP26024623-P1BS-501946168050_01_P001_u08rf3031,1554109237.8426783,1554109404.9737163,0
WV03_20171114041002_104001003504E800_17NOV14041002-P1BS-501920245010_01_P004_u08rf3031,1554109405.1198692,1554109560.8534606,184
WV03_20171113231827_104001003575B900_17NOV13231827-P1BS-501932163060_01_P001_u08rf3031,1554109560.9984348,1554109693.9846442,96
WV03_20170908092745_1040010031C67800_17SEP08092745-P1BS-501669352030_01_P004_u08rf3031,1554109694.1131692,1554109832.7863746,18
WV03_20171111211302_104001003445DC00_17NOV11211302-P1BS-501917427080_01_P005_u08rf3031,1554109832.9210854,1554109991.0317364,46
WV03_20171116125331_1040010034839300_17NOV16125331-P1BS-501920080010_01_P007_u08rf3031,1554109991.1723642,1554110223.3792005,1
WV03_20171108055813_1040010034B18C00_17NOV08055813-P1BS-501920097080_01_P001_u08rf3031,1554110223.511704,1554110427.1944296,28
WV03_20171224045904_104001003517C300_17DEC24045904-P1BS-501920258100_01_P005_u08rf3031,1554110427.3295538,1554110591.2550533,2
WV03_20170919104157_10400100332ACF00_17SEP19104157-P1BS-501946282070_01_P009_u08rf3031,1554110591.4001372,1554110745.8860264,0
WV03_20171111050809_1040010035C0B900_17NOV11050809-P1BS-501934300100_01_P006_u08rf3031,1554110746.0261605,1554110886.6036441,12
WV03_20171019070916_104001003379BC00_17OCT19070916-P1BS-501862023040_01_P006_u08rf3031,1554110886.7428792,1554111037.2492893,6
WV03_20171105032630_104001003499CC00_17NOV05032630-P1BS-501920089020_01_P009_u08rf3031,1554111037.3956735,1554111270.8804128,0
WV03_20171024100250_1040010035CCC200_17OCT24100250-P1BS-501934393030_01_P001_u08rf3031,1554111270.997314,1554111436.058212,51
WV03_20171004161225_10400100343BC100_17OCT04161225-P1BS-501862149020_01_P008_u08rf3031,1554111436.2082694,1554111653.282649,0
WV03_20171007022430_1040010032995900_17OCT07022430-P1BS-501861935100_01_P004_u08rf3031,1554111653.4394457,1554111827.0810294,2
WV03_20171010044812_10400100346F2000_17OCT10044812-P1BS-501862222020_01_P008_u08rf3031,1554111827.221626,1554111990.9465654,60
WV03_20171114054716_104001003536AF00_17NOV14054716-P1BS-501922403100_01_P003_u08rf3031,1554111991.0977077,1554112138.892754,203
WV03_20171124145853_1040010035754300_17NOV24145853-P1BS-501932162070_01_P008_u08rf3031,1554112139.0379398,1554112288.7869697,48
WV03_20171119052701_1040010035263A00_17NOV19052701-P1BS-501922391100_01_P001_u08rf3031,1554112288.9396696,1554112437.0793436,8
WV03_20171101054519_10400100364BCD00_17NOV01054519-P1BS-501954085020_01_P001_u08rf3031,1554112437.2164986,1554112581.2299833,2
WV03_20171004094643_1040010034BB0C00_17OCT04094643-P1BS-501862237050_01_P001_u08rf3031,1554112581.3832352,1554112725.6657226,1
WV03_20171020233350_10400100334E6100_17OCT20233350-P1BS-501862013070_01_P009_u08rf3031,1554112725.8095949,1554112908.6852012,0
WV03_20171109235315_10400100341DFC00_17NOV09235315-P1BS-501896793030_01_P005_u08rf3031,1554112908.8354573,1554113062.9852397,128
WV03_20171111130748_1040010034A76000_17NOV11130748-P1BS-501920094040_01_P006_u08rf3031,1554113063.1375601,1554113287.5907104,0
WV03_20170908092740_1040010031C67800_17SEP08092740-P1BS-501669352030_01_P001_u08rf3031,1554113287.7082586,1554113471.4853494,93
WV03_20180107194951_1040010036C1DB00_18JAN07194951-P1BS-501968311080_01_P007_u08rf3031,1554113471.6204991,1554113717.174038,45
WV03_20170928161641_1040010033504500_17SEP28161641-P1BS-501946292060_01_P005_u08rf3031,1554113717.3138957,1554113894.832776,0
WV03_20170905083950_1040010032AAF400_17SEP05083950-P1BS-501603153040_01_P001_u08rf3031,1554113894.9532108,1554114061.907081,4
WV03_20170911034412_10400100315FAD00_17SEP11034412-P1BS-501984220080_01_P005_u08rf3031,1554114062.062258,1554114280.8145497,2
WV03_20171010013312_10400100330DD700_17OCT10013312-P1BS-501861942010_01_P002_u08rf3031,1554114280.9437885,1554114498.4157882,23
WV03_20170930213825_10400100338DEA00_17SEP30213825-P1BS-501946333040_01_P003_u08rf3031,1554114498.5667195,1554114754.433864,8
WV03_20170824133804_104001003197AA00_17AUG24133804-P1BS-501984229030_01_P014_u08rf3031,1554114754.6561592,1554114889.1884892,1
WV03_20171218000157_1040010035591400_17DEC18000157-P1BS-501932125100_01_P003_u08rf3031,1554114889.3321247,1554115050.7322385,30
WV03_20171014135440_1040010034033600_17OCT14135440-P1BS-501862138030_01_P002_u08rf3031,1554115050.8827772,1554115195.4805846,110
WV03_20170919104152_10400100332ACF00_17SEP19104152-P1BS-501946282070_01_P006_u08rf3031,1554115195.6323118,1554115346.5853834,0
WV03_20171005211855_104001003393B800_17OCT05211855-P1BS-501862028090_01_P005_u08rf3031,1554115346.7718098,1554115534.4742672,33
WV03_20171123224032_1040010035766C00_17NOV23224032-P1BS-501932164060_01_P005_u08rf3031,1554115534.608402,1554115752.3141007,48
WV03_20170923132007_1040010032CF9F00_17SEP23132007-P1BS-501946276020_01_P006_u08rf3031,1554115752.4566696,1554115968.9168181,0
WV03_20171002042102_1040010034AD4D00_17OCT02042102-P1BS-501946356090_01_P003_u08rf3031,1554115969.0740757,1554116147.6797452,3
WV03_20171101054521_10400100364BCD00_17NOV01054521-P1BS-501954085020_01_P002_u08rf3031,1554116147.8341866,1554116384.884961,0
WV03_20171001232925_1040010033295700_17OCT01232925-P1BS-501946282060_01_P005_u08rf3031,1554116385.047148,1554116568.3189387,58
WV03_20171124145953_10400100358EDA00_17NOV24145953-P1BS-501932180050_01_P008_u08rf3031,1554116568.4726224,1554116778.796625,30
WV03_20170908092746_1040010031C67800_17SEP08092746-P1BS-501669352030_01_P005_u08rf3031,1554116778.9351134,1554116999.8771462,13
WV03_20171020054638_1040010034CE8200_17OCT20054638-P1BS-501862241100_01_P003_u08rf3031,1554117000.0258982,1554117229.8736548,24
WV03_20171218081559_104001003616F100_17DEC18081559-P1BS-501934414010_01_P009_u08rf3031,1554117230.0109873,1554117470.2910943,0
WV03_20171225082828_1040010036710B00_17DEC25082828-P1BS-501956505080_01_P002_u08rf3031,1554117470.458573,1554117644.8995275,0
WV03_20171017063655_1040010033284400_17OCT17063655-P1BS-501861946050_01_P004_u08rf3031,1554117645.0442483,1554117868.947162,18
WV03_20171007183806_1040010033051A00_17OCT07183806-P1BS-501861939020_01_P003_u08rf3031,1554117869.1000834,1554118030.3722682,0
WV03_20170929033428_10400100342DFD00_17SEP29033428-P1BS-501946350060_01_P002_u08rf3031,1554118030.5209107,1554118254.88849,52
WV03_20170926024627_10400100320D9900_17SEP26024627-P1BS-501946168050_01_P003_u08rf3031,1554118255.0390162,1554118473.4663546,2
WV03_20171123032454_10400100346B2B00_17NOV23032454-P1BS-501917438040_01_P006_u08rf3031,1554118473.5814114,1554118655.561832,13
WV03_20170909174921_1040010031A6B100_17SEP09174921-P1BS-501669244020_01_P003_u08rf3031,1554118655.684737,1554118858.8450217,9
WV03_20170925184543_104001003326C100_17SEP25184543-P1BS-501946283090_01_P007_u08rf3031,1554118858.9690604,1554119094.1691282,1
WV03_20180109041503_1040010037A7E300_18JAN09041503-P1BS-501954106020_01_P007_u08rf3031,1554119094.290655,1554119262.710949,2
WV03_20171114054645_104001003370D700_17NOV14054645-P1BS-501896772020_01_P002_u08rf3031,1554119262.8574119,1554119519.4982662,114
WV03_20170906040421_1040010031952700_17SEP06040421-P1BS-501984230050_01_P006_u08rf3031,1554119519.6262786,1554119766.380597,6
WV03_20171010044842_1040010035A88B00_17OCT10044842-P1BS-501862250060_01_P006_u08rf3031,1554119766.5587611,1554119940.2590194,3
WV03_20170925184438_104001003243ED00_17SEP25184438-P1BS-501946233030_01_P003_u08rf3031,1554119940.420042,1554120114.048586,0
WV03_20170916014810_104001003297CB00_17SEP16014810-P1BS-501946249030_01_P004_u08rf3031,1554120114.207887,1554120296.9151597,3
WV03_20171014135439_1040010034033600_17OCT14135439-P1BS-501862138030_01_P001_u08rf3031,1554120297.0646896,1554120438.901598,111
WV03_20171116044057_104001003530EB00_17NOV16044057-P1BS-501922400010_01_P007_u08rf3031,1554120439.0416784,1554120610.060168,43
WV03_20170929225821_10400100338A4A00_17SEP29225821-P1BS-501946335030_01_P006_u08rf3031,1554120610.2157676,1554120791.5657465,0
WV03_20170925170630_10400100334EDE00_17SEP25170630-P1BS-501946292020_01_P002_u08rf3031,1554120791.7176251,1554121027.023457,38
WV03_20170901010833_104001003036A900_17SEP01010833-P1BS-501667658040_01_P004_u08rf3031,1554121027.1768332,1554121221.0214794,13
WV03_20171010031014_1040010032BBC600_17OCT10031014-P1BS-501861937080_01_P004_u08rf3031,1554121221.216967,1554121382.367132,1
WV03_20171018145926_104001003316C600_17OCT18145926-P1BS-501861943020_01_P005_u08rf3031,1554121382.5209274,1554121583.236457,23
WV03_20170911034411_10400100315FAD00_17SEP11034411-P1BS-501984220080_01_P004_u08rf3031,1554121583.3894947,1554121743.0069244,2
WV03_20170916162326_10400100335EED00_17SEP16162326-P1BS-501946295080_01_P004_u08rf3031,1554121743.1603372,1554121924.4853184,12
WV03_20171116044940_1040010035CA1700_17NOV16044940-P1BS-501934391010_01_P009_u08rf3031,1554121924.6452887,1554122084.906056,4
WV03_20171224045759_1040010038052E00_17DEC24045759-P1BS-501954066030_01_P005_u08rf3031,1554122085.067889,1554122277.048625,3
WV03_20170904082528_1040010032941400_17SEP04082528-P1BS-501603151080_01_P003_u08rf3031,1554122277.1983826,1554122515.604805,9
WV03_20171010044840_1040010035A88B00_17OCT10044840-P1BS-501862250060_01_P005_u08rf3031,1554122515.7530203,1554122688.3100998,22
WV03_20170930231427_10400100337DEB00_17SEP30231427-P1BS-501946301050_01_P005_u08rf3031,1554122688.5076978,1554122968.755234,5
WV03_20171212175407_1040010036569100_17DEC12175407-P1BS-501954093030_01_P005_u08rf3031,1554122968.9565008,1554123128.0636468,507
WV03_20171004013755_1040010033147300_17OCT04013755-P1BS-501987130070_01_P003_u08rf3031,1554123128.2779377,1554123372.3183415,57
WV03_20170915080215_10400100326A7900_17SEP15080215-P1BS-501946240070_01_P005_u08rf3031,1554123372.4568124,1554123606.9989376,0
WV03_20170920105829_1040010032409700_17SEP20105829-P1BS-501946232040_01_P005_u08rf3031,1554123607.2279818,1554123815.2401662,20
WV03_20170927012606_1040010032B64500_17SEP27012606-P1BS-501946253100_01_P002_u08rf3031,1554123815.3900259,1554124045.3269691,3
WV03_20170906215224_10400100329D0400_17SEP06215224-P1BS-501603152100_01_P002_u08rf3031,1554124045.496035,1554124322.5547833,13
WV03_20180109041355_1040010037D5E000_18JAN09041355-P1BS-501954062030_01_P007_u08rf3031,1554124322.7178295,1554124597.1018634,0
WV03_20171019070918_104001003379BC00_17OCT19070918-P1BS-501862023040_01_P007_u08rf3031,1554124597.2530067,1554124829.0832934,20
WV03_20170917150215_10400100321C0800_17SEP17150215-P1BS-501946225050_01_P003_u08rf3031,1554124829.229441,1554125058.0910351,11
WV03_20171006003110_1040010034474500_17OCT06003110-P1BS-501862152100_01_P004_u08rf3031,1554125058.3241384,1554125250.2806041,20
WV03_20171005082223_1040010033409A00_17OCT05082223-P1BS-501862011060_01_P007_u08rf3031,1554125250.4273565,1554125454.731505,0
WV03_20170907042010_1040010032A8E300_17SEP07042010-P1BS-501603153030_01_P002_u08rf3031,1554125454.8876092,1554125631.8936148,11
WV03_20171016192112_1040010034A0E500_17OCT16192112-P1BS-501862233030_01_P002_u08rf3031,1554125632.0509694,1554125840.5633926,1
WV03_20170930231429_10400100337DEB00_17SEP30231429-P1BS-501946301050_01_P006_u08rf3031,1554125840.6914527,1554126048.4491127,7
WV03_20171001232932_1040010033295700_17OCT01232932-P1BS-501946282060_01_P009_u08rf3031,1554126048.6295505,1554126312.5062194,64
WV03_20170910082101_1040010032255E00_17SEP10082101-P1BS-501603138100_01_P006_u08rf3031,1554126312.628965,1554126650.2968338,0
WV03_20171005162849_10400100336CE300_17OCT05162849-P1BS-501862022050_01_P001_u08rf3031,1554126650.5321722,1554126899.394193,451
WV03_20171005162756_1040010033699700_17OCT05162756-P1BS-501862020100_01_P002_u08rf3031,1554126899.5584693,1554127087.4153235,106
