Image,Start,End,Tiles
/pylon5/mc3bggp/bspitz/Seals/WV03_20171207114207_10400100350EF600_17DEC07114207-P1BS-501920250040_01_P001_u08rf3031.tif,1554067660.1786182,1554067716.8938034,19599
/pylon5/mc3bggp/bspitz/Seals/WV03_20171207114212_10400100350EF600_17DEC07114212-P1BS-501920250040_01_P004_u08rf3031.tif,1554067717.1066067,1554067778.8495276,21087
/pylon5/mc3bggp/bspitz/Seals/WV03_20170722224523_104001002F579500_17JUL22224523-P1BS-501497983050_01_P010_u08rf3031.tif,1554067779.0794082,1554067790.5332901,3381
/pylon5/mc3bggp/bspitz/Seals/WV03_20171109235229_1040010035198000_17NOV09235229-P1BS-501920259100_01_P002_u08rf3031.tif,1554067790.5375707,1554067815.0331736,5173
/pylon5/mc3bggp/bspitz/Seals/WV03_20171228135603_10400100358E6900_17DEC28135603-P1BS-501932180020_01_P008_u08rf3031.tif,1554067815.1173968,1554067851.503182,11618
/pylon5/mc3bggp/bspitz/Seals/WV03_20170818231715_1040010032AA7700_17AUG18231715-P1BS-501946250040_01_P001_u08rf3031.tif,1554067851.6036258,1554067903.291143,19990
/pylon5/mc3bggp/bspitz/Seals/WV03_20171012132230_1040010033CAB400_17OCT12132230-P1BS-501862130100_01_P001_u08rf3031.tif,1554067903.474466,1554067970.942206,20561
/pylon5/mc3bggp/bspitz/Seals/WV03_20180110140231_104001003529FE00_18JAN10140231-P1BS-501922394090_01_P010_u08rf3031.tif,1554067971.1665769,1554068004.9929087,7600
/pylon5/mc3bggp/bspitz/Seals/WV03_20180108003512_104001003810BA00_18JAN08003512-P1BS-501954066040_01_P002_u08rf3031.tif,1554068005.0974576,1554068031.2828197,4168
/pylon5/mc3bggp/bspitz/Seals/WV03_20171218062842_1040010037708200_17DEC18062842-P1BS-501968397050_01_P008_u08rf3031.tif,1554068031.3728006,1554068073.7815266,10579
/pylon5/mc3bggp/bspitz/Seals/WV03_20171219083242_1040010035780300_17DEC19083242-P1BS-501932165070_01_P011_u08rf3031.tif,1554068073.9128356,1554068137.1977222,20306
/pylon5/mc3bggp/bspitz/Seals/WV03_20170818231719_1040010032AA7700_17AUG18231719-P1BS-501946250040_01_P003_u08rf3031.tif,1554068137.4004698,1554068199.4602726,21616
/pylon5/mc3bggp/bspitz/Seals/WV03_20171103123858_104001003584A800_17NOV03123858-P1BS-501932174060_01_P002_u08rf3031.tif,1554068199.6805964,1554068237.3447406,6946
/pylon5/mc3bggp/bspitz/Seals/WV03_20170922130359_104001003263A000_17SEP22130359-P1BS-501946239020_01_P001_u08rf3031.tif,1554068237.4763854,1554068301.9908836,17005
/pylon5/mc3bggp/bspitz/Seals/WV03_20170902222637_1040010033759000_17SEP02222637-P1BS-501603231080_01_P001_u08rf3031.tif,1554068302.21621,1554068364.8717396,20081
/pylon5/mc3bggp/bspitz/Seals/WV03_20171021140757_1040010034520600_17OCT21140757-P1BS-501862154020_01_P010_u08rf3031.tif,1554068365.0803547,1554068403.1308892,9166
/pylon5/mc3bggp/bspitz/Seals/WV03_20170922144154_1040010033AFD100_17SEP22144154-P1BS-501946342070_01_P010_u08rf3031.tif,1554068403.2371123,1554068443.8507292,10192
/pylon5/mc3bggp/bspitz/Seals/WV03_20171210140723_1040010037BFEF00_17DEC10140723-P1BS-501954113050_01_P005_u08rf3031.tif,1554068443.9588418,1554068505.4424255,16887
/pylon5/mc3bggp/bspitz/Seals/WV03_20171224210135_104001003667B100_17DEC24210135-P1BS-501956499020_01_P005_u08rf3031.tif,1554068505.6306672,1554068571.4103723,21708
/pylon5/mc3bggp/bspitz/Seals/WV03_20171215135720_104001003601D800_17DEC15135720-P1BS-501934400020_01_P001_u08rf3031.tif,1554068571.6636176,1554068641.0199995,22053
/pylon5/mc3bggp/bspitz/Seals/WV03_20171103124640_1040010035127B00_17NOV03124640-P1BS-501920254040_01_P001_u08rf3031.tif,1554068641.2463489,1554068690.9659567,13424
/pylon5/mc3bggp/bspitz/Seals/WV03_20171026134800_1040010035D5DD00_17OCT26134800-P1BS-501934398030_01_P010_u08rf3031.tif,1554068691.1018577,1554068730.8934755,10093
/pylon5/mc3bggp/bspitz/Seals/WV03_20171101103518_1040010033289100_17NOV01103518-P1BS-501896681080_01_P008_u08rf3031.tif,1554068731.0085552,1554068775.4958026,8119
/pylon5/mc3bggp/bspitz/Seals/WV03_20171020233446_10400100342CFB00_17OCT20233446-P1BS-501862146040_01_P001_u08rf3031.tif,1554068775.6388001,1554068839.9476426,17185
/pylon5/mc3bggp/bspitz/Seals/WV03_20170818231737_1040010031442200_17AUG18231737-P1BS-501946158030_01_P004_u08rf3031.tif,1554068840.1295974,1554068906.204625,20213
/pylon5/mc3bggp/bspitz/Seals/WV03_20171105130800_1040010035D2F700_17NOV05130800-P1BS-501934396080_01_P001_u08rf3031.tif,1554068906.397119,1554068975.326113,17931
/pylon5/mc3bggp/bspitz/Seals/WV03_20171222041803_1040010036582300_17DEC22041803-P1BS-501954093090_01_P001_u08rf3031.tif,1554068975.532105,1554069035.21298,18105
/pylon5/mc3bggp/bspitz/Seals/WV03_20171209072429_1040010035B2C300_17DEC09072429-P1BS-501934293010_01_P001_u08rf3031.tif,1554069035.391916,1554069096.060022,18014
/pylon5/mc3bggp/bspitz/Seals/WV03_20171127010231_1040010035BFC200_17NOV27010231-P1BS-501934300070_01_P001_u08rf3031.tif,1554069096.2250803,1554069166.0572472,18070
/pylon5/mc3bggp/bspitz/Seals/WV03_20170908043706_1040010031B76C00_17SEP08043706-P1BS-501669248040_01_P010_u08rf3031.tif,1554069166.262079,1554069204.6687317,8122
/pylon5/mc3bggp/bspitz/Seals/WV03_20180105124801_1040010037CE6800_18JAN05124801-P1BS-501954061030_01_P010_u08rf3031.tif,1554069204.79595,1554069245.6725628,9173
/pylon5/mc3bggp/bspitz/Seals/WV03_20170908012059_1040010031D43000_17SEP08012059-P1BS-501669354050_01_P003_u08rf3031.tif,1554069245.7858822,1554069339.6090596,24143
/pylon5/mc3bggp/bspitz/Seals/WV03_20170716131004_104001002F2A7D00_17JUL16131004-P1BS-501992558050_01_P003_u08rf3031.tif,1554069339.8713098,1554069416.7244432,19358
/pylon5/mc3bggp/bspitz/Seals/WV03_20171124212135_104001003689A000_17NOV24212135-P1BS-501956585100_01_P010_u08rf3031.tif,1554069416.9810696,1554069460.5709865,11732
/pylon5/mc3bggp/bspitz/Seals/WV03_20171022030247_10400100335A2600_17OCT22030247-P1BS-501862017090_01_P001_u08rf3031.tif,1554069460.6992464,1554069530.296551,21528
/pylon5/mc3bggp/bspitz/Seals/WV03_20171223011902_1040010037712800_17DEC23011902-P1BS-501968395010_01_P001_u08rf3031.tif,1554069530.4920902,1554069608.0562499,18054
/pylon5/mc3bggp/bspitz/Seals/WV03_20180105191717_10400100389ADA00_18JAN05191717-P1BS-501954070060_01_P002_u08rf3031.tif,1554069608.32844,1554069681.6524556,20950
/pylon5/mc3bggp/bspitz/Seals/WV03_20170710131429_104001002F5F3200_17JUL10131429-P1BS-501992566010_01_P001_u08rf3031.tif,1554069681.875317,1554069768.1174192,21038
/pylon5/mc3bggp/bspitz/Seals/WV03_20171120054238_1040010034B98600_17NOV20054238-P1BS-501920102020_01_P001_u08rf3031.tif,1554069768.3685756,1554069850.904547,21514
/pylon5/mc3bggp/bspitz/Seals/WV03_20170828094920_10400100315F5700_17AUG28094920-P1BS-501669232080_01_P008_u08rf3031.tif,1554069851.1474226,1554069910.9647605,21268
/pylon5/mc3bggp/bspitz/Seals/WV03_20171120055220_10400100341A6000_17NOV20055220-P1BS-501896790010_01_P010_u08rf3031.tif,1554069911.0833142,1554069944.781801,8104
/pylon5/mc3bggp/bspitz/Seals/WV03_20170901221015_104001003294D200_17SEP01221015-P1BS-501603231040_01_P002_u08rf3031.tif,1554069944.8656952,1554070014.7187884,19934
/pylon5/mc3bggp/bspitz/Seals/WV03_20171128025535_104001003644E700_17NOV28025535-P1BS-501954009040_01_P007_u08rf3031.tif,1554070014.9755697,1554070065.6089232,13377
/pylon5/mc3bggp/bspitz/Seals/WV03_20171001134537_1040010033CA3600_17OCT01134537-P1BS-501946347060_01_P001_u08rf3031.tif,1554070065.7465522,1554070148.2956233,19935
/pylon5/mc3bggp/bspitz/Seals/WV03_20171201195602_104001003699AA00_17DEC01195602-P1BS-501956598010_01_P001_u08rf3031.tif,1554070148.6339006,1554070212.2035522,20496
/pylon5/mc3bggp/bspitz/Seals/WV03_20171216172103_104001003772C400_17DEC16172103-P1BS-501968395040_01_P001_u08rf3031.tif,1554070212.3982174,1554070283.2707899,17662
/pylon5/mc3bggp/bspitz/Seals/WV03_20170916211501_10400100325F3100_17SEP16211501-P1BS-501986281050_01_P006_u08rf3031.tif,1554070283.513996,1554070352.0251415,22166
/pylon5/mc3bggp/bspitz/Seals/WV03_20170717230415_104001002F103B00_17JUL17230415-P1BS-501497929030_01_P005_u08rf3031.tif,1554070352.2361445,1554070416.7072818,19256
/pylon5/mc3bggp/bspitz/Seals/WV03_20170830231602_1040010032ABD800_17AUG30231602-P1BS-501603153060_01_P001_u08rf3031.tif,1554070416.8916266,1554070485.3769794,16379
/pylon5/mc3bggp/bspitz/Seals/WV03_20171021140822_10400100352FF800_17OCT21140822-P1BS-501862246030_01_P004_u08rf3031.tif,1554070485.626641,1554070557.818238,20338
/pylon5/mc3bggp/bspitz/Seals/WV03_20171118180940_10400100361E4100_17NOV18180940-P1BS-501953985080_01_P001_u08rf3031.tif,1554070558.0655928,1554070629.5699322,17620
/pylon5/mc3bggp/bspitz/Seals/WV03_20171022142628_10400100356FC600_17OCT22142628-P1BS-501862248070_01_P008_u08rf3031.tif,1554070629.7737901,1554070689.1910007,20095
/pylon5/mc3bggp/bspitz/Seals/WV03_20170902142117_10400100311B6100_17SEP02142117-P1BS-501669219050_01_P008_u08rf3031.tif,1554070689.3386486,1554070769.770867,21366
/pylon5/mc3bggp/bspitz/Seals/WV03_20171013183609_1040010034786D00_17OCT13183609-P1BS-501862226020_01_P009_u08rf3031.tif,1554070770.0681183,1554070845.9288983,20786
/pylon5/mc3bggp/bspitz/Seals/WV03_20170905101759_10400100323D5600_17SEP05101759-P1BS-501603143070_01_P001_u08rf3031.tif,1554070846.149373,1554070911.173011,18812
/pylon5/mc3bggp/bspitz/Seals/WV03_20170818134121_10400100311A6D00_17AUG18134121-P1BS-501669219040_01_P010_u08rf3031.tif,1554070911.3827107,1554071008.0224566,23545
/pylon5/mc3bggp/bspitz/Seals/WV03_20170921012831_1040010033CF8000_17SEP21012831-P1BS-501946348050_01_P007_u08rf3031.tif,1554071008.443422,1554071082.4291077,18967
/pylon5/mc3bggp/bspitz/Seals/WV03_20170921012826_1040010033CF8000_17SEP21012826-P1BS-501946348050_01_P004_u08rf3031.tif,1554071082.6791315,1554071161.4531786,18934
/pylon5/mc3bggp/bspitz/Seals/WV03_20171230142656_10400100357FDC00_17DEC30142656-P1BS-501932170020_01_P001_u08rf3031.tif,1554071161.7598798,1554071239.5889916,19392
/pylon5/mc3bggp/bspitz/Seals/WV03_20171208021633_10400100365E7000_17DEC08021633-P1BS-501956494080_01_P002_u08rf3031.tif,1554071239.9235253,1554071304.549587,19293
/pylon5/mc3bggp/bspitz/Seals/WV03_20171026040446_1040010032C6B300_17OCT26040446-P1BS-501896677020_01_P010_u08rf3031.tif,1554071304.7698152,1554071349.0640478,14050
/pylon5/mc3bggp/bspitz/Seals/WV03_20171205062058_1040010035429100_17DEC05062058-P1BS-501922413020_01_P001_u08rf3031.tif,1554071349.1689572,1554071426.1858687,17480
/pylon5/mc3bggp/bspitz/Seals/WV03_20171202102926_10400100353C4D00_17DEC02102926-P1BS-501922408070_01_P002_u08rf3031.tif,1554071426.44362,1554071516.8610523,23544
/pylon5/mc3bggp/bspitz/Seals/WV03_20170901221125_10400100318B7500_17SEP01221125-P1BS-501669238100_01_P005_u08rf3031.tif,1554071517.1931496,1554071573.8655202,15615
/pylon5/mc3bggp/bspitz/Seals/WV03_20171201195651_104001003703DE00_17DEC01195651-P1BS-501968328100_01_P001_u08rf3031.tif,1554071574.0656838,1554071641.574415,21396
/pylon5/mc3bggp/bspitz/Seals/WV03_20170920123558_1040010034C31B00_17SEP20123558-P1BS-501946357040_01_P006_u08rf3031.tif,1554071641.7551293,1554071721.529681,19813
/pylon5/mc3bggp/bspitz/Seals/WV03_20170920123439_1040010033939B00_17SEP20123439-P1BS-501946333080_01_P002_u08rf3031.tif,1554071721.8062506,1554071806.1210477,22028
/pylon5/mc3bggp/bspitz/Seals/WV03_20170922144145_1040010033AFD100_17SEP22144145-P1BS-501946342070_01_P004_u08rf3031.tif,1554071806.3714373,1554071884.0100946,21888
/pylon5/mc3bggp/bspitz/Seals/WV03_20170904051059_1040010031829E00_17SEP04051059-P1BS-501669237100_01_P003_u08rf3031.tif,1554071884.2707899,1554071964.9355743,20029
/pylon5/mc3bggp/bspitz/Seals/WV03_20170922144249_1040010033327700_17SEP22144249-P1BS-501946286070_01_P003_u08rf3031.tif,1554071965.2016017,1554072031.187837,19685
/pylon5/mc3bggp/bspitz/Seals/WV03_20171123143501_104001003620DA00_17NOV23143501-P1BS-501953987010_01_P001_u08rf3031.tif,1554072031.3723545,1554072106.906508,20477
/pylon5/mc3bggp/bspitz/Seals/WV03_20170920123441_1040010033939B00_17SEP20123441-P1BS-501946333080_01_P003_u08rf3031.tif,1554072107.1732535,1554072191.2275808,21680
/pylon5/mc3bggp/bspitz/Seals/WV03_20170905101708_104001003283AB00_17SEP05101708-P1BS-501603149020_01_P007_u08rf3031.tif,1554072191.5318122,1554072254.803987,20097
/pylon5/mc3bggp/bspitz/Seals/WV03_20171201195740_10400100346BE500_17DEC01195740-P1BS-501917438070_01_P005_u08rf3031.tif,1554072255.007146,1554072333.673881,21917
/pylon5/mc3bggp/bspitz/Seals/WV03_20180103184733_10400100376B8600_18JAN03184733-P1BS-501968396060_01_P003_u08rf3031.tif,1554072333.917843,1554072396.462616,13352
/pylon5/mc3bggp/bspitz/Seals/WV03_20171001072003_10400100349A1200_17OCT01072003-P1BS-501946356020_01_P001_u08rf3031.tif,1554072396.637476,1554072482.919729,19972
/pylon5/mc3bggp/bspitz/Seals/WV03_20171023000540_10400100335C5B00_17OCT23000540-P1BS-501862017040_01_P003_u08rf3031.tif,1554072483.2340732,1554072565.1193547,19320
/pylon5/mc3bggp/bspitz/Seals/WV03_20170901221017_104001003294D200_17SEP01221017-P1BS-501603231040_01_P003_u08rf3031.tif,1554072565.3894775,1554072638.1487029,19952
/pylon5/mc3bggp/bspitz/Seals/WV03_20171231211217_1040010035D6AE00_17DEC31211217-P1BS-501934398060_01_P002_u08rf3031.tif,1554072638.3725069,1554072709.211203,21023
/pylon5/mc3bggp/bspitz/Seals/WV03_20171129063421_1040010035741000_17NOV29063421-P1BS-501932161040_01_P008_u08rf3031.tif,1554072709.423176,1554072788.7796276,23636
/pylon5/mc3bggp/bspitz/Seals/WV03_20180110140231_104001003529FE00_18JAN10140231-P1BS-501922394090_01_P009_u08rf3031.tif,1554072789.0710237,1554072865.1144533,19015
/pylon5/mc3bggp/bspitz/Seals/WV03_20171206063655_10400100361F0900_17DEC06063655-P1BS-501953984010_01_P008_u08rf3031.tif,1554072865.3745801,1554072918.1886792,10555
/pylon5/mc3bggp/bspitz/Seals/WV03_20171007134238_104001003465C200_17OCT07134238-P1BS-501862157090_01_P001_u08rf3031.tif,1554072918.38557,1554073013.9606469,23208
/pylon5/mc3bggp/bspitz/Seals/WV03_20171214151704_10400100352EE100_17DEC14151704-P1BS-501922398090_01_P006_u08rf3031.tif,1554073014.3192863,1554073099.7183998,23403
/pylon5/mc3bggp/bspitz/Seals/WV03_20171220083758_10400100362EAC00_17DEC20083758-P1BS-501953996090_01_P001_u08rf3031.tif,1554073099.9906502,1554073158.770771,18859
/pylon5/mc3bggp/bspitz/Seals/WV03_20171126053841_104001003672BE00_17NOV26053841-P1BS-501956506020_01_P003_u08rf3031.tif,1554073158.9376078,1554073254.4891546,22484
/pylon5/mc3bggp/bspitz/Seals/WV03_20171228184923_1040010037C9CB00_17DEC28184923-P1BS-501954060060_01_P006_u08rf3031.tif,1554073254.8274322,1554073337.3666506,18226
/pylon5/mc3bggp/bspitz/Seals/WV03_20171124145741_1040010035CC1B00_17NOV24145741-P1BS-501934392020_01_P001_u08rf3031.tif,1554073337.6954544,1554073392.670648,17762
/pylon5/mc3bggp/bspitz/Seals/WV03_20171023143829_1040010034CFCC00_17OCT23143829-P1BS-501862242010_01_P007_u08rf3031.tif,1554073392.8305771,1554073475.2955635,21434
/pylon5/mc3bggp/bspitz/Seals/WV03_20171218081447_10400100360B2900_17DEC18081447-P1BS-501934406010_01_P005_u08rf3031.tif,1554073475.593185,1554073542.7896824,21880
/pylon5/mc3bggp/bspitz/Seals/WV03_20170905101707_104001003283AB00_17SEP05101707-P1BS-501603149020_01_P006_u08rf3031.tif,1554073543.0010498,1554073608.5009265,20105
/pylon5/mc3bggp/bspitz/Seals/WV03_20171130014928_1040010036BEB100_17NOV30014928-P1BS-501968309080_01_P008_u08rf3031.tif,1554073608.7116375,1554073696.1875033,19859
/pylon5/mc3bggp/bspitz/Seals/WV03_20170905101705_104001003283AB00_17SEP05101705-P1BS-501603149020_01_P005_u08rf3031.tif,1554073696.560176,1554073759.8255866,20187
/pylon5/mc3bggp/bspitz/Seals/WV03_20171206063744_1040010036185400_17DEC06063744-P1BS-501934415030_01_P008_u08rf3031.tif,1554073759.9849293,1554073814.300171,10975
/pylon5/mc3bggp/bspitz/Seals/WV03_20171121185859_104001003599E300_17NOV21185859-P1BS-501932188080_01_P001_u08rf3031.tif,1554073814.484698,1554073889.9530907,18823
/pylon5/mc3bggp/bspitz/Seals/WV03_20170722224409_104001002E7EBE00_17JUL22224409-P1BS-501497905050_01_P003_u08rf3031.tif,1554073890.1435924,1554073965.245933,22946
/pylon5/mc3bggp/bspitz/Seals/WV03_20171108072908_1040010034A33700_17NOV08072908-P1BS-501920091100_01_P001_u08rf3031.tif,1554073965.5080378,1554074060.0557983,18165
/pylon5/mc3bggp/bspitz/Seals/WV03_20170925090028_1040010032B45600_17SEP25090028-P1BS-501946252050_01_P001_u08rf3031.tif,1554074060.3240273,1554074176.9620237,22504
/pylon5/mc3bggp/bspitz/Seals/WV03_20171030212033_1040010035A3EE00_17OCT30212033-P1BS-501934283030_01_P004_u08rf3031.tif,1554074177.157548,1554074243.8522465,20830
/pylon5/mc3bggp/bspitz/Seals/WV03_20170927030218_10400100345D7C00_17SEP27030218-P1BS-501946351040_01_P009_u08rf3031.tif,1554074244.0385194,1554074328.9897819,22830
/pylon5/mc3bggp/bspitz/Seals/WV03_20171023143922_1040010034B64D00_17OCT23143922-P1BS-501862236020_01_P006_u08rf3031.tif,1554074329.2170644,1554074416.002289,21474
/pylon5/mc3bggp/bspitz/Seals/WV03_20171025071119_1040010033796C00_17OCT25071119-P1BS-501896775090_01_P007_u08rf3031.tif,1554074416.2119045,1554074498.8244426,20349
/pylon5/mc3bggp/bspitz/Seals/WV03_20170918151739_10400100322EE500_17SEP18151739-P1BS-501946228090_01_P002_u08rf3031.tif,1554074499.1115794,1554074603.3682525,24276
/pylon5/mc3bggp/bspitz/Seals/WV03_20170916144454_1040010033285800_17SEP16144454-P1BS-501946282050_01_P002_u08rf3031.tif,1554074603.5336707,1554074671.5115733,19478
/pylon5/mc3bggp/bspitz/Seals/WV03_20171214214107_10400100367D7A00_17DEC14214107-P1BS-501956513090_01_P001_u08rf3031.tif,1554074671.7412617,1554074740.5716753,18035
/pylon5/mc3bggp/bspitz/Seals/WV03_20180105030406_10400100378C0D00_18JAN05030406-P1BS-501954097080_01_P003_u08rf3031.tif,1554074740.7928364,1554074810.9246645,21455
/pylon5/mc3bggp/bspitz/Seals/WV03_20170901140449_10400100320CF700_17SEP01140449-P1BS-501603136050_01_P004_u08rf3031.tif,1554074811.1014876,1554074919.676498,22059
/pylon5/mc3bggp/bspitz/Seals/WV03_20171123143355_1040010034307A00_17NOV23143355-P1BS-501896798100_01_P003_u08rf3031.tif,1554074920.0084755,1554075050.5513997,17977
/pylon5/mc3bggp/bspitz/Seals/WV03_20170901221122_10400100318B7500_17SEP01221122-P1BS-501669238100_01_P003_u08rf3031.tif,1554075050.7983563,1554075127.8094249,21561
/pylon5/mc3bggp/bspitz/Seals/WV03_20171012132416_10400100331ADE00_17OCT12132416-P1BS-501861945010_01_P008_u08rf3031.tif,1554075128.0082989,1554075209.4161806,18173
/pylon5/mc3bggp/bspitz/Seals/WV03_20180105111831_1040010036878900_18JAN05111831-P1BS-501956520100_01_P007_u08rf3031.tif,1554075209.6986072,1554075299.5247536,19808
/pylon5/mc3bggp/bspitz/Seals/WV03_20171008220612_1040010033948000_17OCT08220612-P1BS-501862029010_01_P001_u08rf3031.tif,1554075299.9533558,1554075371.7668889,18525
/pylon5/mc3bggp/bspitz/Seals/WV03_20171214120343_1040010036695200_17DEC14120343-P1BS-501956499100_01_P004_u08rf3031.tif,1554075371.9830034,1554075497.2540038,23053
/pylon5/mc3bggp/bspitz/Seals/WV03_20171125034651_1040010036BCD400_17NOV25034651-P1BS-501968308060_01_P003_u08rf3031.tif,1554075497.5985477,1554075620.5680208,23049
/pylon5/mc3bggp/bspitz/Seals/WV03_20171121172215_1040010034245C00_17NOV21172215-P1BS-501896794100_01_P001_u08rf3031.tif,1554075620.7417054,1554075706.814851,20507
/pylon5/mc3bggp/bspitz/Seals/WV03_20171229042857_1040010035CF1800_17DEC29042857-P1BS-501934395010_01_P009_u08rf3031.tif,1554075707.0878253,1554075775.161563,22319
/pylon5/mc3bggp/bspitz/Seals/WV03_20171215072052_10400100363C5D00_17DEC15072052-P1BS-501954004080_01_P002_u08rf3031.tif,1554075775.3259637,1554075866.9161534,24137
/pylon5/mc3bggp/bspitz/Seals/WV03_20170927030209_10400100345D7C00_17SEP27030209-P1BS-501946351040_01_P004_u08rf3031.tif,1554075867.3192947,1554075941.5900373,22971
/pylon5/mc3bggp/bspitz/Seals/WV03_20171120103941_1040010034751000_17NOV20103941-P1BS-501917442060_01_P005_u08rf3031.tif,1554075941.7966673,1554076016.075459,19436
/pylon5/mc3bggp/bspitz/Seals/WV03_20171214151211_1040010035C24500_17DEC14151211-P1BS-501934305050_01_P001_u08rf3031.tif,1554076016.2952976,1554076081.7103105,20491
/pylon5/mc3bggp/bspitz/Seals/WV03_20171224094902_10400100368BD000_17DEC24094902-P1BS-501956587020_01_P005_u08rf3031.tif,1554076081.8806338,1554076179.4203258,23098
/pylon5/mc3bggp/bspitz/Seals/WV03_20170912134300_10400100322C0100_17SEP12134300-P1BS-501946228060_01_P009_u08rf3031.tif,1554076179.785822,1554076278.2122717,16007
/pylon5/mc3bggp/bspitz/Seals/WV03_20171111211404_104001003542ED00_17NOV11211404-P1BS-501922413050_01_P005_u08rf3031.tif,1554076278.3990128,1554076343.2036865,17410
/pylon5/mc3bggp/bspitz/Seals/WV03_20171119115811_10400100355FAB00_17NOV19115811-P1BS-501932131010_01_P001_u08rf3031.tif,1554076343.364307,1554076456.0585496,20821
/pylon5/mc3bggp/bspitz/Seals/WV03_20171228135648_1040010036A0BD00_17DEC28135648-P1BS-501956600060_01_P001_u08rf3031.tif,1554076456.4554172,1554076532.934023,18588
/pylon5/mc3bggp/bspitz/Seals/WV03_20171019084510_1040010033903C00_17OCT19084510-P1BS-501862028040_01_P003_u08rf3031.tif,1554076533.2203526,1554076598.1690996,19777
/pylon5/mc3bggp/bspitz/Seals/WV03_20171104062451_1040010033AF3000_17NOV04062451-P1BS-501896778090_01_P004_u08rf3031.tif,1554076598.3875346,1554076685.746514,19459
/pylon5/mc3bggp/bspitz/Seals/WV03_20171020090026_1040010033BDB000_17OCT20090026-P1BS-501862037020_01_P002_u08rf3031.tif,1554076686.0181355,1554076755.0237362,17858
/pylon5/mc3bggp/bspitz/Seals/WV03_20171221152634_1040010036849000_17DEC21152634-P1BS-501956518060_01_P009_u08rf3031.tif,1554076755.2265632,1554076829.8522775,18627
/pylon5/mc3bggp/bspitz/Seals/WV03_20170917163817_10400100326D0A00_17SEP17163817-P1BS-501946240080_01_P005_u08rf3031.tif,1554076830.0813057,1554076893.276352,18348
/pylon5/mc3bggp/bspitz/Seals/WV03_20171116044942_1040010035CA1700_17NOV16044942-P1BS-501934391010_01_P011_u08rf3031.tif,1554076893.429526,1554077030.5123765,14522
/pylon5/mc3bggp/bspitz/Seals/WV03_20171130180250_10400100342A5200_17NOV30180250-P1BS-501896797010_01_P003_u08rf3031.tif,1554077030.774075,1554077141.0368,24509
/pylon5/mc3bggp/bspitz/Seals/WV03_20171230044605_1040010036D44200_17DEC30044605-P1BS-501968325080_01_P005_u08rf3031.tif,1554077141.5065997,1554077242.0101883,23541
/pylon5/mc3bggp/bspitz/Seals/WV03_20171020135052_1040010033C33D00_17OCT20135052-P1BS-501862132010_01_P006_u08rf3031.tif,1554077242.4237,1554077338.9316523,23637
/pylon5/mc3bggp/bspitz/Seals/WV03_20171110223241_10400100356A0200_17NOV10223241-P1BS-501932137090_01_P003_u08rf3031.tif,1554077339.272029,1554077420.7434075,21007
/pylon5/mc3bggp/bspitz/Seals/WV03_20171021140750_1040010034520600_17OCT21140750-P1BS-501862154020_01_P005_u08rf3031.tif,1554077421.0172427,1554077521.5566123,24092
/pylon5/mc3bggp/bspitz/Seals/WV03_20171008220624_1040010033948000_17OCT08220624-P1BS-501862029010_01_P009_u08rf3031.tif,1554077521.849684,1554077597.4939673,19997
/pylon5/mc3bggp/bspitz/Seals/WV03_20171016174520_104001003434BF00_17OCT16174520-P1BS-501989207080_01_P007_u08rf3031.tif,1554077597.73255,1554077675.085894,20851
/pylon5/mc3bggp/bspitz/Seals/WV03_20171201051935_104001003515C400_17DEC01051935-P1BS-501920257100_01_P002_u08rf3031.tif,1554077675.3269548,1554077773.4707258,23564
/pylon5/mc3bggp/bspitz/Seals/WV03_20171120103821_1040010032AD0200_17NOV20103821-P1BS-501896675030_01_P004_u08rf3031.tif,1554077773.8795612,1554077865.8590171,21391
/pylon5/mc3bggp/bspitz/Seals/WV03_20171120103829_1040010032AD0200_17NOV20103829-P1BS-501896675030_01_P009_u08rf3031.tif,1554077866.1849587,1554077954.3421395,21359
/pylon5/mc3bggp/bspitz/Seals/WV03_20171028043706_1040010034103B00_17OCT28043706-P1BS-501896786100_01_P003_u08rf3031.tif,1554077954.6361241,1554078086.4886758,21328
/pylon5/mc3bggp/bspitz/Seals/WV03_20171108220341_1040010034415800_17NOV08220341-P1BS-501917426080_01_P006_u08rf3031.tif,1554078086.724111,1554078167.9159818,20005
/pylon5/mc3bggp/bspitz/Seals/WV03_20171216141248_1040010036587400_17DEC16141248-P1BS-501954094030_01_P004_u08rf3031.tif,1554078168.208979,1554078257.402123,22974
/pylon5/mc3bggp/bspitz/Seals/WV03_20171217141838_1040010035723600_17DEC17141838-P1BS-501932160020_01_P003_u08rf3031.tif,1554078257.73041,1554078351.3758512,21892
/pylon5/mc3bggp/bspitz/Seals/WV03_20171228041519_10400100386FE600_17DEC28041519-P1BS-501954067090_01_P004_u08rf3031.tif,1554078351.7276406,1554078447.54164,24128
/pylon5/mc3bggp/bspitz/Seals/WV03_20171202071233_1040010036578A00_17DEC02071233-P1BS-501954093050_01_P001_u08rf3031.tif,1554078447.8779752,1554078528.1839867,18104
/pylon5/mc3bggp/bspitz/Seals/WV03_20171107103150_1040010035625600_17NOV07103150-P1BS-501932129010_01_P005_u08rf3031.tif,1554078528.4830956,1554078617.8400884,21422
/pylon5/mc3bggp/bspitz/Seals/WV03_20171016223153_10400100336BD500_17OCT16223153-P1BS-501862021070_01_P002_u08rf3031.tif,1554078618.182939,1554078696.7326689,19377
/pylon5/mc3bggp/bspitz/Seals/WV03_20171111130456_1040010034663D00_17NOV11130456-P1BS-501917437030_01_P001_u08rf3031.tif,1554078696.9721057,1554078787.8200283,18283
/pylon5/mc3bggp/bspitz/Seals/WV03_20171015141112_1040010033C93E00_17OCT15141112-P1BS-501862132070_01_P005_u08rf3031.tif,1554078788.128229,1554078866.434508,15510
/pylon5/mc3bggp/bspitz/Seals/WV03_20171123094839_10400100358C3700_17NOV23094839-P1BS-501932177080_01_P006_u08rf3031.tif,1554078866.6702409,1554078969.525304,22997
/pylon5/mc3bggp/bspitz/Seals/WV03_20171230142800_10400100367D9900_17DEC30142800-P1BS-501956515030_01_P002_u08rf3031.tif,1554078969.9077954,1554079053.9539342,20316
/pylon5/mc3bggp/bspitz/Seals/WV03_20171220070732_104001003555CF00_17DEC20070732-P1BS-501932122090_01_P005_u08rf3031.tif,1554079054.2734382,1554079134.7418027,17903
/pylon5/mc3bggp/bspitz/Seals/WV03_20170921205606_10400100331EEA00_17SEP21205606-P1BS-501946282080_01_P001_u08rf3031.tif,1554079135.0224826,1554079195.4053726,16891
/pylon5/mc3bggp/bspitz/Seals/WV03_20171122142835_10400100354FE400_17NOV22142835-P1BS-501932119060_01_P005_u08rf3031.tif,1554079195.5844789,1554079272.594374,20189
/pylon5/mc3bggp/bspitz/Seals/WV03_20171017063600_1040010034422D00_17OCT17063600-P1BS-501862150070_01_P006_u08rf3031.tif,1554079272.8334112,1554079433.2539194,18317
/pylon5/mc3bggp/bspitz/Seals/WV03_20171121123358_1040010036D53000_17NOV21123358-P1BS-501968324080_01_P001_u08rf3031.tif,1554079433.621357,1554079533.835337,22053
/pylon5/mc3bggp/bspitz/Seals/WV03_20170927191644_104001003230B900_17SEP27191644-P1BS-501946229020_01_P003_u08rf3031.tif,1554079534.2015982,1554079620.8381362,21377
/pylon5/mc3bggp/bspitz/Seals/WV03_20170925152842_1040010032AB8700_17SEP25152842-P1BS-501946250060_01_P003_u08rf3031.tif,1554079621.2324593,1554079690.2016215,18311
/pylon5/mc3bggp/bspitz/Seals/WV03_20171228185011_1040010036AC4B00_17DEC28185011-P1BS-501956608090_01_P002_u08rf3031.tif,1554079690.468145,1554079791.278072,22532
/pylon5/mc3bggp/bspitz/Seals/WV03_20171106115104_1040010035BCF100_17NOV06115104-P1BS-501934301040_01_P007_u08rf3031.tif,1554079791.673657,1554079936.7113988,22968
/pylon5/mc3bggp/bspitz/Seals/WV03_20171017063554_1040010034422D00_17OCT17063554-P1BS-501862150070_01_P002_u08rf3031.tif,1554079937.160403,1554080021.2242718,18396
/pylon5/mc3bggp/bspitz/Seals/WV03_20171105064807_1040010034466700_17NOV05064807-P1BS-501917428010_01_P001_u08rf3031.tif,1554080021.5029256,1554080159.769607,19508
/pylon5/mc3bggp/bspitz/Seals/WV03_20171105064141_10400100345D8400_17NOV05064141-P1BS-501917433080_01_P001_u08rf3031.tif,1554080160.1281996,1554080247.4098802,19393
/pylon5/mc3bggp/bspitz/Seals/WV03_20170918151741_10400100322EE500_17SEP18151741-P1BS-501946228090_01_P003_u08rf3031.tif,1554080247.6842124,1554080322.3125498,24382
/pylon5/mc3bggp/bspitz/Seals/WV03_20171106132516_104001003454F400_17NOV06132516-P1BS-501917431050_01_P001_u08rf3031.tif,1554080322.5028245,1554080418.7852116,18015
/pylon5/mc3bggp/bspitz/Seals/WV03_20171002041926_1040010032A86C00_17OCT02041926-P1BS-501946251010_01_P004_u08rf3031.tif,1554080419.0951064,1554080489.4056103,18968
/pylon5/mc3bggp/bspitz/Seals/WV03_20171005225458_1040010033BAC300_17OCT05225458-P1BS-501862037060_01_P005_u08rf3031.tif,1554080489.6195774,1554080589.0125177,22979
/pylon5/mc3bggp/bspitz/Seals/WV03_20171002073616_1040010033161900_17OCT02073616-P1BS-501946280040_01_P003_u08rf3031.tif,1554080589.3724134,1554080674.790088,19799
/pylon5/mc3bggp/bspitz/Seals/WV03_20170925152944_1040010032C90600_17SEP25152944-P1BS-501946274020_01_P001_u08rf3031.tif,1554080675.0331519,1554080752.2361104,22489
/pylon5/mc3bggp/bspitz/Seals/WV03_20170930213910_1040010033B42A00_17SEP30213910-P1BS-501946341080_01_P007_u08rf3031.tif,1554080752.4797263,1554080826.594262,19328
/pylon5/mc3bggp/bspitz/Seals/WV03_20171019084605_10400100333D1B00_17OCT19084605-P1BS-501862010100_01_P004_u08rf3031.tif,1554080826.7984092,1554080910.8806539,24540
/pylon5/mc3bggp/bspitz/Seals/WV03_20180105124658_1040010037C32200_18JAN05124658-P1BS-501954114090_01_P007_u08rf3031.tif,1554080911.110609,1554081002.6616533,21187
/pylon5/mc3bggp/bspitz/Seals/WV03_20171031200113_104001003419C900_17OCT31200113-P1BS-501896789080_01_P005_u08rf3031.tif,1554081003.0140548,1554081075.3284426,18493
/pylon5/mc3bggp/bspitz/Seals/WV03_20170907041913_10400100325D0E00_17SEP07041913-P1BS-501603145100_01_P002_u08rf3031.tif,1554081075.5650253,1554081192.656812,18433
/pylon5/mc3bggp/bspitz/Seals/WV03_20170910113200_1040010031BA0D00_17SEP10113200-P1BS-501669248050_01_P002_u08rf3031.tif,1554081192.8555043,1554081314.62126,23061
/pylon5/mc3bggp/bspitz/Seals/WV03_20171230044602_1040010036D44200_17DEC30044602-P1BS-501968325080_01_P003_u08rf3031.tif,1554081315.0234706,1554081419.6239822,23559
/pylon5/mc3bggp/bspitz/Seals/WV03_20171001134758_104001003280B600_17OCT01134758-P1BS-501946244090_01_P004_u08rf3031.tif,1554081419.9406903,1554081514.8002079,21476
/pylon5/mc3bggp/bspitz/Seals/WV03_20171003061225_10400100333EF600_17OCT03061225-P1BS-501862011030_01_P001_u08rf3031.tif,1554081515.1456509,1554081601.0739372,19347
/pylon5/mc3bggp/bspitz/Seals/WV03_20171001072004_10400100349A1200_17OCT01072004-P1BS-501946356020_01_P002_u08rf3031.tif,1554081601.40688,1554081693.1874118,21085
/pylon5/mc3bggp/bspitz/Seals/WV03_20171001232923_1040010033295700_17OCT01232923-P1BS-501946282060_01_P004_u08rf3031.tif,1554081693.499616,1554081851.2619529,23140
/pylon5/mc3bggp/bspitz/Seals/WV03_20171222025025_1040010034A5A900_17DEC22025025-P1BS-501920093030_01_P003_u08rf3031.tif,1554081851.6953287,1554081937.8124816,20779
/pylon5/mc3bggp/bspitz/Seals/WV03_20170924102335_10400100334E5200_17SEP24102335-P1BS-501946291100_01_P004_u08rf3031.tif,1554081938.1155376,1554082084.5623186,19804
/pylon5/mc3bggp/bspitz/Seals/WV03_20171004161224_10400100343BC100_17OCT04161224-P1BS-501862149020_01_P007_u08rf3031.tif,1554082084.848489,1554082175.0944946,21869
/pylon5/mc3bggp/bspitz/Seals/WV03_20171227023120_104001003625B800_17DEC27023120-P1BS-501953989100_01_P007_u08rf3031.tif,1554082175.3113632,1554082259.97308,20250
/pylon5/mc3bggp/bspitz/Seals/WV03_20171231050046_1040010037A2C100_17DEC31050046-P1BS-501954104040_01_P001_u08rf3031.tif,1554082260.3022661,1554082357.1701727,22142
/pylon5/mc3bggp/bspitz/Seals/WV03_20171213101201_104001003601E700_17DEC13101201-P1BS-501934400030_01_P005_u08rf3031.tif,1554082357.5134315,1554082457.0634875,21098
/pylon5/mc3bggp/bspitz/Seals/WV03_20171120041507_1040010035814900_17NOV20041507-P1BS-501932171020_01_P002_u08rf3031.tif,1554082457.5559316,1554082546.6193132,19034
/pylon5/mc3bggp/bspitz/Seals/WV03_20171114072448_104001003530B000_17NOV14072448-P1BS-501922399090_01_P003_u08rf3031.tif,1554082546.9098926,1554082672.159714,21963
/pylon5/mc3bggp/bspitz/Seals/WV03_20171221121533_104001003650D400_17DEC21121533-P1BS-501954089100_01_P009_u08rf3031.tif,1554082672.4927526,1554082786.6684003,23088
/pylon5/mc3bggp/bspitz/Seals/WV03_20171001134802_104001003280B600_17OCT01134802-P1BS-501946244090_01_P006_u08rf3031.tif,1554082787.0387547,1554082883.0921853,21287
/pylon5/mc3bggp/bspitz/Seals/WV03_20171214085139_1040010035AF0500_17DEC14085139-P1BS-501934290060_01_P007_u08rf3031.tif,1554082883.3884087,1554082968.648726,21015
/pylon5/mc3bggp/bspitz/Seals/WV03_20170904064835_10400100326A9700_17SEP04064835-P1BS-501603147100_01_P002_u08rf3031.tif,1554082968.8665912,1554083079.6808555,18678
/pylon5/mc3bggp/bspitz/Seals/WV03_20170930213753_1040010033186F00_17SEP30213753-P1BS-501946280090_01_P002_u08rf3031.tif,1554083080.0023334,1554083167.9047546,23540
/pylon5/mc3bggp/bspitz/Seals/WV03_20170925072358_1040010031629500_17SEP25072358-P1BS-501946161030_01_P003_u08rf3031.tif,1554083168.243351,1554083261.607178,19695
/pylon5/mc3bggp/bspitz/Seals/WV03_20171104031036_10400100355B6300_17NOV04031036-P1BS-501932127020_01_P002_u08rf3031.tif,1554083261.9830508,1554083344.398401,21406
/pylon5/mc3bggp/bspitz/Seals/WV03_20171001040553_1040010033457B00_17OCT01040553-P1BS-501946289010_01_P004_u08rf3031.tif,1554083344.7123415,1554083418.9921818,19341
/pylon5/mc3bggp/bspitz/Seals/WV03_20170908092745_1040010031C67800_17SEP08092745-P1BS-501669352030_01_P004_u08rf3031.tif,1554083419.265414,1554083487.2288036,19780
/pylon5/mc3bggp/bspitz/Seals/WV03_20171116125331_1040010034839300_17NOV16125331-P1BS-501920080010_01_P007_u08rf3031.tif,1554083487.4295619,1554083610.3312244,22064
/pylon5/mc3bggp/bspitz/Seals/WV03_20170919104251_1040010033D1ED00_17SEP19104251-P1BS-501946348080_01_P005_u08rf3031.tif,1554083610.708967,1554083697.512337,20286
/pylon5/mc3bggp/bspitz/Seals/WV03_20170722130637_104001002E59F800_17JUL22130637-P1BS-501992469080_01_P003_u08rf3031.tif,1554083697.8430712,1554083796.0318184,20472
/pylon5/mc3bggp/bspitz/Seals/WV03_20171111050809_1040010035C0B900_17NOV11050809-P1BS-501934300100_01_P006_u08rf3031.tif,1554083796.403355,1554083913.4972003,21450
/pylon5/mc3bggp/bspitz/Seals/WV03_20171105032630_104001003499CC00_17NOV05032630-P1BS-501920089020_01_P009_u08rf3031.tif,1554083913.846201,1554083993.2792196,22279
/pylon5/mc3bggp/bspitz/Seals/WV03_20171024100250_1040010035CCC200_17OCT24100250-P1BS-501934393030_01_P001_u08rf3031.tif,1554083993.4682028,1554084057.4174619,17785
/pylon5/mc3bggp/bspitz/Seals/WV03_20171012195607_1040010035523C00_17OCT12195607-P1BS-501862245070_01_P008_u08rf3031.tif,1554084057.5855157,1554084142.1308572,20938
/pylon5/mc3bggp/bspitz/Seals/WV03_20171010044812_10400100346F2000_17OCT10044812-P1BS-501862222020_01_P008_u08rf3031.tif,1554084142.4024258,1554084240.3596344,21718
/pylon5/mc3bggp/bspitz/Seals/WV03_20171014153441_1040010034271200_17OCT14153441-P1BS-501862144100_01_P002_u08rf3031.tif,1554084240.6787033,1554084316.2028031,20403
/pylon5/mc3bggp/bspitz/Seals/WV03_20171119052701_1040010035263A00_17NOV19052701-P1BS-501922391100_01_P001_u08rf3031.tif,1554084316.3916209,1554084434.4196296,20508
/pylon5/mc3bggp/bspitz/Seals/WV03_20171020233350_10400100334E6100_17OCT20233350-P1BS-501862013070_01_P009_u08rf3031.tif,1554084434.7924497,1554084543.4695477,23211
/pylon5/mc3bggp/bspitz/Seals/WV03_20170925184435_104001003243ED00_17SEP25184435-P1BS-501946233030_01_P001_u08rf3031.tif,1554084543.858029,1554084641.5718493,20943
/pylon5/mc3bggp/bspitz/Seals/WV03_20170924102330_10400100334E5200_17SEP24102330-P1BS-501946291100_01_P001_u08rf3031.tif,1554084641.9883428,1554084725.4764056,18338
/pylon5/mc3bggp/bspitz/Seals/WV03_20170908092740_1040010031C67800_17SEP08092740-P1BS-501669352030_01_P001_u08rf3031.tif,1554084725.7380447,1554084797.744492,18422
/pylon5/mc3bggp/bspitz/Seals/WV03_20170928161641_1040010033504500_17SEP28161641-P1BS-501946292060_01_P005_u08rf3031.tif,1554084797.9121275,1554084884.7812817,20894
/pylon5/mc3bggp/bspitz/Seals/WV03_20171111211307_104001003445DC00_17NOV11211307-P1BS-501917427080_01_P008_u08rf3031.tif,1554084884.9864354,1554084999.5422463,22461
/pylon5/mc3bggp/bspitz/Seals/WV03_20170916014809_104001003297CB00_17SEP16014809-P1BS-501946249030_01_P003_u08rf3031.tif,1554084999.787603,1554085093.7877533,20563
/pylon5/mc3bggp/bspitz/Seals/WV03_20180107212608_104001003719BC00_18JAN07212608-P1BS-501968374090_01_P004_u08rf3031.tif,1554085094.0581105,1554085191.6156301,23343
/pylon5/mc3bggp/bspitz/Seals/WV03_20170824133804_104001003197AA00_17AUG24133804-P1BS-501984229030_01_P014_u08rf3031.tif,1554085191.9663095,1554085271.910001,17052
/pylon5/mc3bggp/bspitz/Seals/WV03_20171014135440_1040010034033600_17OCT14135440-P1BS-501862138030_01_P002_u08rf3031.tif,1554085272.2081237,1554085358.0850646,20344
/pylon5/mc3bggp/bspitz/Seals/WV03_20170919104152_10400100332ACF00_17SEP19104152-P1BS-501946282070_01_P006_u08rf3031.tif,1554085358.3340156,1554085461.5707703,21304
/pylon5/mc3bggp/bspitz/Seals/WV03_20171123224032_1040010035766C00_17NOV23224032-P1BS-501932164060_01_P005_u08rf3031.tif,1554085461.8576226,1554085578.4080322,24094
/pylon5/mc3bggp/bspitz/Seals/WV03_20170923132007_1040010032CF9F00_17SEP23132007-P1BS-501946276020_01_P006_u08rf3031.tif,1554085578.769258,1554085676.8847399,22067
/pylon5/mc3bggp/bspitz/Seals/WV03_20171101054521_10400100364BCD00_17NOV01054521-P1BS-501954085020_01_P002_u08rf3031.tif,1554085677.230956,1554085832.5813599,21090
/pylon5/mc3bggp/bspitz/Seals/WV03_20171222073204_10400100371C2100_17DEC22073204-P1BS-501968376080_01_P001_u08rf3031.tif,1554085832.9576712,1554085922.9896624,17536
/pylon5/mc3bggp/bspitz/Seals/WV03_20170908092746_1040010031C67800_17SEP08092746-P1BS-501669352030_01_P005_u08rf3031.tif,1554085923.3287601,1554085993.7152443,19766
/pylon5/mc3bggp/bspitz/Seals/WV03_20171010044807_10400100346F2000_17OCT10044807-P1BS-501862222020_01_P005_u08rf3031.tif,1554085993.8880856,1554086110.8228097,21610
/pylon5/mc3bggp/bspitz/Seals/WV03_20170930035007_1040010032459400_17SEP30035007-P1BS-501946234070_01_P008_u08rf3031.tif,1554086111.0950978,1554086182.1877756,19350
/pylon5/mc3bggp/bspitz/Seals/WV03_20170919122100_10400100338BF400_17SEP19122100-P1BS-501946335080_01_P004_u08rf3031.tif,1554086182.3468497,1554086286.4958274,21374
/pylon5/mc3bggp/bspitz/Seals/WV03_20171104031039_10400100355B6300_17NOV04031039-P1BS-501932127020_01_P004_u08rf3031.tif,1554086286.8302748,1554086372.5319338,21558
/pylon5/mc3bggp/bspitz/Seals/WV03_20171020233347_10400100334E6100_17OCT20233347-P1BS-501862013070_01_P007_u08rf3031.tif,1554086372.781654,1554086480.84716,23117
/pylon5/mc3bggp/bspitz/Seals/WV03_20170909174921_1040010031A6B100_17SEP09174921-P1BS-501669244020_01_P003_u08rf3031.tif,1554086481.2101758,1554086577.6254542,20357
/pylon5/mc3bggp/bspitz/Seals/WV03_20171218081701_104001003587E800_17DEC18081701-P1BS-501932175090_01_P006_u08rf3031.tif,1554086577.9750237,1554086705.3756173,20245
/pylon5/mc3bggp/bspitz/Seals/WV03_20171010013405_1040010033C72500_17OCT10013405-P1BS-501862132060_01_P003_u08rf3031.tif,1554086705.6239302,1554086840.5287514,21009
/pylon5/mc3bggp/bspitz/Seals/WV03_20170831233208_10400100328B5900_17AUG31233208-P1BS-501603150040_01_P002_u08rf3031.tif,1554086840.8675978,1554086952.5371966,23077
/pylon5/mc3bggp/bspitz/Seals/WV03_20170925184438_104001003243ED00_17SEP25184438-P1BS-501946233030_01_P003_u08rf3031.tif,1554086952.9114826,1554087059.1214771,22434
/pylon5/mc3bggp/bspitz/Seals/WV03_20171014135439_1040010034033600_17OCT14135439-P1BS-501862138030_01_P001_u08rf3031.tif,1554087059.4665961,1554087158.6256514,18951
/pylon5/mc3bggp/bspitz/Seals/WV03_20171016160505_104001003597C700_17OCT16160505-P1BS-501862249060_01_P002_u08rf3031.tif,1554087158.8507123,1554087268.8285608,24498
/pylon5/mc3bggp/bspitz/Seals/WV03_20170925184539_104001003326C100_17SEP25184539-P1BS-501946283090_01_P005_u08rf3031.tif,1554087269.1277902,1554087368.8234491,21376
/pylon5/mc3bggp/bspitz/Seals/WV03_20171114054647_104001003370D700_17NOV14054647-P1BS-501896772020_01_P003_u08rf3031.tif,1554087369.1743877,1554087519.875091,25052
/pylon5/mc3bggp/bspitz/Seals/WV03_20171018145926_104001003316C600_17OCT18145926-P1BS-501861943020_01_P005_u08rf3031.tif,1554087520.3196898,1554087602.1266787,24462
/pylon5/mc3bggp/bspitz/Seals/WV03_20170903081007_1040010033386C00_17SEP03081007-P1BS-501603159010_01_P009_u08rf3031.tif,1554087602.3675478,1554087693.559229,21341
/pylon5/mc3bggp/bspitz/Seals/WV03_20171116044940_1040010035CA1700_17NOV16044940-P1BS-501934391010_01_P009_u08rf3031.tif,1554087693.8538814,1554087806.5125763,20904
/pylon5/mc3bggp/bspitz/Seals/WV03_20170904082528_1040010032941400_17SEP04082528-P1BS-501603151080_01_P003_u08rf3031.tif,1554087806.8797085,1554087894.6907353,20420
/pylon5/mc3bggp/bspitz/Seals/WV03_20171010044840_1040010035A88B00_17OCT10044840-P1BS-501862250060_01_P005_u08rf3031.tif,1554087894.949636,1554088006.5223527,23059
/pylon5/mc3bggp/bspitz/Seals/WV03_20170901042317_104001003106A700_17SEP01042317-P1BS-501667684070_01_P003_u08rf3031.tif,1554088006.8385165,1554088108.4928725,22993
/pylon5/mc3bggp/bspitz/Seals/WV03_20171123224025_1040010035766C00_17NOV23224025-P1BS-501932164060_01_P001_u08rf3031.tif,1554088108.779094,1554088213.5962312,22129
/pylon5/mc3bggp/bspitz/Seals/WV03_20170920105829_1040010032409700_17SEP20105829-P1BS-501946232040_01_P005_u08rf3031.tif,1554088213.9184089,1554088334.2254374,22543
/pylon5/mc3bggp/bspitz/Seals/WV03_20170906215224_10400100329D0400_17SEP06215224-P1BS-501603152100_01_P002_u08rf3031.tif,1554088334.5999603,1554088458.1791468,23747
/pylon5/mc3bggp/bspitz/Seals/WV03_20180109041355_1040010037D5E000_18JAN09041355-P1BS-501954062030_01_P007_u08rf3031.tif,1554088458.4762526,1554088609.6961627,23627
/pylon5/mc3bggp/bspitz/Seals/WV03_20171001040447_1040010033166B00_17OCT01040447-P1BS-501946280060_01_P005_u08rf3031.tif,1554088610.124356,1554088699.8621418,23452
/pylon5/mc3bggp/bspitz/Seals/WV03_20171006003110_1040010034474500_17OCT06003110-P1BS-501862152100_01_P004_u08rf3031.tif,1554088700.1674454,1554088819.26789,24133
/pylon5/mc3bggp/bspitz/Seals/WV03_20170907042010_1040010032A8E300_17SEP07042010-P1BS-501603153030_01_P002_u08rf3031.tif,1554088819.717788,1554088918.756401,24481
/pylon5/mc3bggp/bspitz/Seals/WV03_20171005162801_1040010033699700_17OCT05162801-P1BS-501862020100_01_P005_u08rf3031.tif,1554088919.0863764,1554089040.5242786,22440
/pylon5/mc3bggp/bspitz/Seals/WV03_20171001232927_1040010033295700_17OCT01232927-P1BS-501946282060_01_P006_u08rf3031.tif,1554089040.8794677,1554089151.1557877,23226
/pylon5/mc3bggp/bspitz/Seals/WV03_20170930034855_10400100340AED00_17SEP30034855-P1BS-501946351090_01_P005_u08rf3031.tif,1554089151.5816364,1554089233.4880664,23405
/pylon5/mc3bggp/bspitz/Seals/WV03_20171005162756_1040010033699700_17OCT05162756-P1BS-501862020100_01_P002_u08rf3031.tif,1554089233.6733155,1554089336.309184,22526
