Filename,Size
/pylon5/mc3bggp/bspitz/Seals/WV03_20171202102933_10400100353C4D00_17DEC02102933-P1BS-501922408070_01_P007_u08rf3031.tif,118
/pylon5/mc3bggp/bspitz/Seals/WV03_20171207114123_1040010036601500_17DEC07114123-P1BS-501956495080_01_P001_u08rf3031.tif,137
/pylon5/mc3bggp/bspitz/Seals/WV03_20171213131704_1040010036439D00_17DEC13131704-P1BS-501954010060_01_P002_u08rf3031.tif,149
/pylon5/mc3bggp/bspitz/Seals/WV03_20170613124037_104001002D9DA600_17JUN13124037-P1BS-501461471070_01_P010_u08rf3031.tif,156
/pylon5/mc3bggp/bspitz/Seals/WV03_20171207114209_10400100350EF600_17DEC07114209-P1BS-501920250040_01_P002_u08rf3031.tif,160
/pylon5/mc3bggp/bspitz/Seals/WV03_20170922014407_104001003369A000_17SEP22014407-P1BS-501946297080_01_P005_u08rf3031.tif,164
/pylon5/mc3bggp/bspitz/Seals/WV03_20171217080138_10400100362B1100_17DEC17080138-P1BS-501953993070_01_P010_u08rf3031.tif,178
/pylon5/mc3bggp/bspitz/Seals/WV03_20171127073345_104001003523AE00_17NOV27073345-P1BS-501922390030_01_P011_u08rf3031.tif,199
/pylon5/mc3bggp/bspitz/Seals/WV03_20171210105547_1040010036312400_17DEC10105547-P1BS-501953998050_01_P002_u08rf3031.tif,204
/pylon5/mc3bggp/bspitz/Seals/WV03_20170908012101_1040010031D43000_17SEP08012101-P1BS-501669354050_01_P005_u08rf3031.tif,212
/pylon5/mc3bggp/bspitz/Seals/WV03_20170920123602_1040010034C31B00_17SEP20123602-P1BS-501946357040_01_P010_u08rf3031.tif,220
/pylon5/mc3bggp/bspitz/Seals/WV03_20171213131707_1040010036439D00_17DEC13131707-P1BS-501954010060_01_P004_u08rf3031.tif,229
/pylon5/mc3bggp/bspitz/Seals/WV03_20171217080040_1040010035CB1800_17DEC17080040-P1BS-501934391060_01_P010_u08rf3031.tif,241
/pylon5/mc3bggp/bspitz/Seals/WV03_20170916211502_10400100325F3100_17SEP16211502-P1BS-501986281050_01_P007_u08rf3031.tif,248
/pylon5/mc3bggp/bspitz/Seals/WV03_20171109075038_104001003425C900_17NOV09075038-P1BS-501896795020_01_P010_u08rf3031.tif,261
/pylon5/mc3bggp/bspitz/Seals/WV03_20171213131559_10400100379A3800_17DEC13131559-P1BS-501954103010_01_P006_u08rf3031.tif,262
/pylon5/mc3bggp/bspitz/Seals/WV03_20171130064038_1040010036559A00_17NOV30064038-P1BS-501954093010_01_P002_u08rf3031.tif,269
/pylon5/mc3bggp/bspitz/Seals/WV03_20170906134538_1040010031A23E00_17SEP06134538-P1BS-501669243020_01_P005_u08rf3031.tif,283
/pylon5/mc3bggp/bspitz/Seals/WV03_20171008135733_1040010033997300_17OCT08135733-P1BS-501862030100_01_P008_u08rf3031.tif,292
/pylon5/mc3bggp/bspitz/Seals/WV03_20170930133056_104001003466B100_17SEP30133056-P1BS-501946353050_01_P007_u08rf3031.tif,297
/pylon5/mc3bggp/bspitz/Seals/WV03_20170902222606_10400100310E2400_17SEP02222606-P1BS-501984206030_01_P008_u08rf3031.tif,302
/pylon5/mc3bggp/bspitz/Seals/WV03_20171127073251_1040010035A2CC00_17NOV27073251-P1BS-501934280070_01_P009_u08rf3031.tif,311
/pylon5/mc3bggp/bspitz/Seals/WV03_20171012132345_1040010033D18F00_17OCT12132345-P1BS-501862136030_01_P004_u08rf3031.tif,320
/pylon5/mc3bggp/bspitz/Seals/WV03_20170925090149_10400100332B1300_17SEP25090149-P1BS-501946284060_01_P005_u08rf3031.tif,329
/pylon5/mc3bggp/bspitz/Seals/WV03_20171012132232_1040010033CAB400_17OCT12132232-P1BS-501862130100_01_P002_u08rf3031.tif,332
/pylon5/mc3bggp/bspitz/Seals/WV03_20171012132340_1040010033D18F00_17OCT12132340-P1BS-501862136030_01_P001_u08rf3031.tif,341
/pylon5/mc3bggp/bspitz/Seals/WV03_20171010044815_10400100346F2000_17OCT10044815-P1BS-501862222020_01_P010_u08rf3031.tif,347
/pylon5/mc3bggp/bspitz/Seals/WV03_20171012132234_1040010033CAB400_17OCT12132234-P1BS-501862130100_01_P003_u08rf3031.tif,364
/pylon5/mc3bggp/bspitz/Seals/WV03_20170717230421_104001002F103B00_17JUL17230421-P1BS-501497929030_01_P010_u08rf3031.tif,371
/pylon5/mc3bggp/bspitz/Seals/WV03_20171214182502_1040010035199900_17DEC14182502-P1BS-501920259090_01_P002_u08rf3031.tif,380
/pylon5/mc3bggp/bspitz/Seals/WV03_20171216074551_1040010035AB4200_17DEC16074551-P1BS-501934287030_01_P002_u08rf3031.tif,389
/pylon5/mc3bggp/bspitz/Seals/WV03_20171127135914_1040010035C9F900_17NOV27135914-P1BS-501934390100_01_P001_u08rf3031.tif,403
/pylon5/mc3bggp/bspitz/Seals/WV03_20170911132503_1040010033D12500_17SEP11132503-P1BS-501603217080_01_P002_u08rf3031.tif,418
/pylon5/mc3bggp/bspitz/Seals/WV03_20171214182600_10400100365DB100_17DEC14182600-P1BS-501956494030_01_P003_u08rf3031.tif,427
/pylon5/mc3bggp/bspitz/Seals/WV03_20171214182505_1040010035199900_17DEC14182505-P1BS-501920259090_01_P004_u08rf3031.tif,431
/pylon5/mc3bggp/bspitz/Seals/WV03_20171216221053_1040010036916100_17DEC16221053-P1BS-501956592050_01_P009_u08rf3031.tif,435
/pylon5/mc3bggp/bspitz/Seals/WV03_20171012213222_1040010033D3CF00_17OCT12213222-P1BS-501862136070_01_P007_u08rf3031.tif,441
/pylon5/mc3bggp/bspitz/Seals/WV03_20171108202719_1040010034929800_17NOV08202719-P1BS-501920086090_01_P008_u08rf3031.tif,446
/pylon5/mc3bggp/bspitz/Seals/WV03_20170911034417_10400100315FAD00_17SEP11034417-P1BS-501984220080_01_P008_u08rf3031.tif,453
/pylon5/mc3bggp/bspitz/Seals/WV03_20170906040423_1040010031952700_17SEP06040423-P1BS-501984230050_01_P007_u08rf3031.tif,455
/pylon5/mc3bggp/bspitz/Seals/WV03_20171123143401_1040010034307A00_17NOV23143401-P1BS-501896798100_01_P008_u08rf3031.tif,460
/pylon5/mc3bggp/bspitz/Seals/WV03_20171111000803_1040010036A25400_17NOV11000803-P1BS-501956602030_01_P002_u08rf3031.tif,465
/pylon5/mc3bggp/bspitz/Seals/WV03_20171212130122_1040010036158800_17DEC12130122-P1BS-501934413010_01_P001_u08rf3031.tif,471
/pylon5/mc3bggp/bspitz/Seals/WV03_20170829020026_1040010032BE7600_17AUG29020026-P1BS-501603156010_01_P005_u08rf3031.tif,474
/pylon5/mc3bggp/bspitz/Seals/WV03_20171106132546_1040010035790D00_17NOV06132546-P1BS-501932165100_01_P002_u08rf3031.tif,483
/pylon5/mc3bggp/bspitz/Seals/WV03_20170922130401_104001003263A000_17SEP22130401-P1BS-501946239020_01_P002_u08rf3031.tif,486
/pylon5/mc3bggp/bspitz/Seals/WV03_20170613124032_104001002D9DA600_17JUN13124032-P1BS-501461471070_01_P006_u08rf3031.tif,492
/pylon5/mc3bggp/bspitz/Seals/WV03_20171127203221_10400100360E0700_17NOV27203221-P1BS-501934408050_01_P010_u08rf3031.tif,496
/pylon5/mc3bggp/bspitz/Seals/WV03_20170925134918_10400100328FF600_17SEP25134918-P1BS-501946247080_01_P004_u08rf3031.tif,500
/pylon5/mc3bggp/bspitz/Seals/WV03_20171219083240_1040010035780300_17DEC19083240-P1BS-501932165070_01_P010_u08rf3031.tif,508
/pylon5/mc3bggp/bspitz/Seals/WV03_20171217173629_10400100365FE100_17DEC17173629-P1BS-501956494100_01_P001_u08rf3031.tif,511
/pylon5/mc3bggp/bspitz/Seals/WV03_20171111050042_10400100342E7F00_17NOV11050042-P1BS-501896797090_01_P010_u08rf3031.tif,515
/pylon5/mc3bggp/bspitz/Seals/WV03_20170613123959_104001002ED1F300_17JUN13123959-P1BS-501992551050_01_P001_u08rf3031.tif,520
/pylon5/mc3bggp/bspitz/Seals/WV03_20170818231625_10400100317D4700_17AUG18231625-P1BS-501946162020_01_P004_u08rf3031.tif,527
/pylon5/mc3bggp/bspitz/Seals/WV03_20171107120839_10400100344F3300_17NOV07120839-P1BS-501917431060_01_P009_u08rf3031.tif,530
/pylon5/mc3bggp/bspitz/Seals/WV03_20170829020021_1040010032BE7600_17AUG29020021-P1BS-501603156010_01_P001_u08rf3031.tif,536
/pylon5/mc3bggp/bspitz/Seals/WV03_20171214182501_1040010035199900_17DEC14182501-P1BS-501920259090_01_P001_u08rf3031.tif,539
/pylon5/mc3bggp/bspitz/Seals/WV03_20171130163104_1040010035B09600_17NOV30163104-P1BS-501934291090_01_P010_u08rf3031.tif,547
/pylon5/mc3bggp/bspitz/Seals/WV03_20171117144800_1040010035C8BE00_17NOV17144800-P1BS-501934389010_01_P002_u08rf3031.tif,552
/pylon5/mc3bggp/bspitz/Seals/WV03_20170906134536_1040010031A23E00_17SEP06134536-P1BS-501669243020_01_P003_u08rf3031.tif,559
/pylon5/mc3bggp/bspitz/Seals/WV03_20170908012010_1040010032112800_17SEP08012010-P1BS-501603137080_01_P004_u08rf3031.tif,562
/pylon5/mc3bggp/bspitz/Seals/WV03_20170613124000_104001002ED1F300_17JUN13124000-P1BS-501992551050_01_P002_u08rf3031.tif,566
/pylon5/mc3bggp/bspitz/Seals/WV03_20171104143000_1040010034C07000_17NOV04143000-P1BS-501920103100_01_P007_u08rf3031.tif,568
/pylon5/mc3bggp/bspitz/Seals/WV03_20171023143833_1040010034CFCC00_17OCT23143833-P1BS-501862242010_01_P010_u08rf3031.tif,571
/pylon5/mc3bggp/bspitz/Seals/WV03_20170610231009_104001002E331300_17JUN10231009-P1BS-501946149020_01_P001_u08rf3031.tif,574
/pylon5/mc3bggp/bspitz/Seals/WV03_20170613124002_104001002ED1F300_17JUN13124002-P1BS-501992551050_01_P003_u08rf3031.tif,578
/pylon5/mc3bggp/bspitz/Seals/WV03_20170922130305_1040010032560E00_17SEP22130305-P1BS-501946238010_01_P002_u08rf3031.tif,580
/pylon5/mc3bggp/bspitz/Seals/WV03_20180103152938_10400100379CAE00_18JAN03152938-P1BS-501954100090_01_P001_u08rf3031.tif,583
/pylon5/mc3bggp/bspitz/Seals/WV03_20171120103830_1040010032AD0200_17NOV20103830-P1BS-501896675030_01_P010_u08rf3031.tif,586
/pylon5/mc3bggp/bspitz/Seals/WV03_20171224192554_1040010035B58800_17DEC24192554-P1BS-501934296020_01_P008_u08rf3031.tif,592
/pylon5/mc3bggp/bspitz/Seals/WV03_20171212211056_1040010036D48000_17DEC12211056-P1BS-501968324040_01_P003_u08rf3031.tif,597
/pylon5/mc3bggp/bspitz/Seals/WV03_20170818231741_1040010031442200_17AUG18231741-P1BS-501946158030_01_P006_u08rf3031.tif,600
/pylon5/mc3bggp/bspitz/Seals/WV03_20171119133105_10400100354BAC00_17NOV19133105-P1BS-501932115020_01_P001_u08rf3031.tif,604
/pylon5/mc3bggp/bspitz/Seals/WV03_20171221121533_104001003650D400_17DEC21121533-P1BS-501954089100_01_P010_u08rf3031.tif,609
/pylon5/mc3bggp/bspitz/Seals/WV03_20171101040114_1040010035AB4B00_17NOV01040114-P1BS-501934288050_01_P002_u08rf3031.tif,610
/pylon5/mc3bggp/bspitz/Seals/WV03_20171116044051_104001003530EB00_17NOV16044051-P1BS-501922400010_01_P003_u08rf3031.tif,612
/pylon5/mc3bggp/bspitz/Seals/WV03_20171218081559_104001003616F100_17DEC18081559-P1BS-501934414010_01_P010_u08rf3031.tif,614
/pylon5/mc3bggp/bspitz/Seals/WV03_20171127073343_104001003523AE00_17NOV27073343-P1BS-501922390030_01_P010_u08rf3031.tif,616
/pylon5/mc3bggp/bspitz/Seals/WV03_20170906134533_1040010031A23E00_17SEP06134533-P1BS-501669243020_01_P001_u08rf3031.tif,618
/pylon5/mc3bggp/bspitz/Seals/WV03_20170908012055_1040010031D43000_17SEP08012055-P1BS-501669354050_01_P001_u08rf3031.tif,620
/pylon5/mc3bggp/bspitz/Seals/WV03_20170921174048_1040010032D5E400_17SEP21174048-P1BS-501946276060_01_P003_u08rf3031.tif,622
/pylon5/mc3bggp/bspitz/Seals/WV03_20171019102621_1040010034C50200_17OCT19102621-P1BS-501862239030_01_P006_u08rf3031.tif,625
/pylon5/mc3bggp/bspitz/Seals/WV03_20171201065617_10400100357A0600_17DEC01065617-P1BS-501932166060_01_P001_u08rf3031.tif,627
/pylon5/mc3bggp/bspitz/Seals/WV03_20171202102805_10400100352AC100_17DEC02102805-P1BS-501922396080_01_P001_u08rf3031.tif,632
/pylon5/mc3bggp/bspitz/Seals/WV03_20170905101809_10400100323D5600_17SEP05101809-P1BS-501603143070_01_P008_u08rf3031.tif,636
/pylon5/mc3bggp/bspitz/Seals/WV03_20171212211054_1040010036D48000_17DEC12211054-P1BS-501968324040_01_P002_u08rf3031.tif,638
/pylon5/mc3bggp/bspitz/Seals/WV03_20171119151139_1040010035B8E500_17NOV19151139-P1BS-501934294070_01_P001_u08rf3031.tif,642
/pylon5/mc3bggp/bspitz/Seals/WV03_20170613124037_104001002D9DA600_17JUN13124037-P1BS-501461471070_01_P009_u08rf3031.tif,648
/pylon5/mc3bggp/bspitz/Seals/WV03_20171231000926_1040010036148400_17DEC31000926-P1BS-501934411100_01_P001_u08rf3031.tif,650
/pylon5/mc3bggp/bspitz/Seals/WV03_20171216172105_104001003772C400_17DEC16172105-P1BS-501968395040_01_P002_u08rf3031.tif,653
/pylon5/mc3bggp/bspitz/Seals/WV03_20170613124030_104001002D9DA600_17JUN13124030-P1BS-501461471070_01_P005_u08rf3031.tif,656
/pylon5/mc3bggp/bspitz/Seals/WV03_20170908155645_1040010033080600_17SEP08155645-P1BS-501603158050_01_P010_u08rf3031.tif,658
/pylon5/mc3bggp/bspitz/Seals/WV03_20171217141919_1040010036B23100_17DEC17141919-P1BS-501956613050_01_P001_u08rf3031.tif,659
/pylon5/mc3bggp/bspitz/Seals/WV03_20171014135444_1040010034033600_17OCT14135444-P1BS-501862138030_01_P005_u08rf3031.tif,662
/pylon5/mc3bggp/bspitz/Seals/WV03_20170831023106_1040010030881E00_17AUG31023106-P1BS-501667671070_01_P001_u08rf3031.tif,666
/pylon5/mc3bggp/bspitz/Seals/WV03_20180109023825_1040010037ABDE00_18JAN09023825-P1BS-501954107070_01_P001_u08rf3031.tif,670
/pylon5/mc3bggp/bspitz/Seals/WV03_20171130211711_10400100363A5200_17NOV30211711-P1BS-501954002090_01_P005_u08rf3031.tif,673
/pylon5/mc3bggp/bspitz/Seals/WV03_20171026054308_1040010034B1C000_17OCT26054308-P1BS-501920098100_01_P006_u08rf3031.tif,674
/pylon5/mc3bggp/bspitz/Seals/WV03_20171028043703_1040010034103B00_17OCT28043703-P1BS-501896786100_01_P001_u08rf3031.tif,675
/pylon5/mc3bggp/bspitz/Seals/WV03_20170903143656_10400100334E5000_17SEP03143656-P1BS-501603159030_01_P008_u08rf3031.tif,682
/pylon5/mc3bggp/bspitz/Seals/WV03_20171123094949_10400100355F9C00_17NOV23094949-P1BS-501932130090_01_P010_u08rf3031.tif,686
/pylon5/mc3bggp/bspitz/Seals/WV03_20170828094909_10400100315F5700_17AUG28094909-P1BS-501669232080_01_P001_u08rf3031.tif,688
/pylon5/mc3bggp/bspitz/Seals/WV03_20170926140844_1040010034149800_17SEP26140844-P1BS-501946349100_01_P004_u08rf3031.tif,692
/pylon5/mc3bggp/bspitz/Seals/WV03_20170831023004_1040010032530900_17AUG31023004-P1BS-501603145030_01_P002_u08rf3031.tif,694
/pylon5/mc3bggp/bspitz/Seals/WV03_20170908155549_10400100329BBD00_17SEP08155549-P1BS-501603152070_01_P010_u08rf3031.tif,696
/pylon5/mc3bggp/bspitz/Seals/WV03_20170911132614_10400100322AB900_17SEP11132614-P1BS-501603140060_01_P003_u08rf3031.tif,697
/pylon5/mc3bggp/bspitz/Seals/WV03_20170905083927_1040010033990D00_17SEP05083927-P1BS-501603216030_01_P004_u08rf3031.tif,703
/pylon5/mc3bggp/bspitz/Seals/WV03_20171013085347_1040010033053400_17OCT13085347-P1BS-501861941040_01_P010_u08rf3031.tif,704
/pylon5/mc3bggp/bspitz/Seals/WV03_20170829015917_1040010031980900_17AUG29015917-P1BS-501669240030_01_P002_u08rf3031.tif,708
/pylon5/mc3bggp/bspitz/Seals/WV03_20171013165705_1040010033C3A400_17OCT13165705-P1BS-501862132020_01_P002_u08rf3031.tif,711
/pylon5/mc3bggp/bspitz/Seals/WV03_20171031200117_104001003419C900_17OCT31200117-P1BS-501896789080_01_P008_u08rf3031.tif,714
/pylon5/mc3bggp/bspitz/Seals/WV03_20170829015919_1040010031980900_17AUG29015919-P1BS-501669240030_01_P003_u08rf3031.tif,717
/pylon5/mc3bggp/bspitz/Seals/WV03_20170901140630_1040010031BE8A00_17SEP01140630-P1BS-501669350010_01_P004_u08rf3031.tif,721
/pylon5/mc3bggp/bspitz/Seals/WV03_20170613123935_104001002DB9B700_17JUN13123935-P1BS-501461502070_01_P005_u08rf3031.tif,723
/pylon5/mc3bggp/bspitz/Seals/WV03_20171022030248_10400100335A2600_17OCT22030248-P1BS-501862017090_01_P002_u08rf3031.tif,724
/pylon5/mc3bggp/bspitz/Seals/WV03_20171018145837_1040010034500900_17OCT18145837-P1BS-501862153080_01_P007_u08rf3031.tif,726
/pylon5/mc3bggp/bspitz/Seals/WV03_20171121234545_10400100343F2100_17NOV21234545-P1BS-501917425010_01_P002_u08rf3031.tif,730
/pylon5/mc3bggp/bspitz/Seals/WV03_20171122110921_1040010035849E00_17NOV22110921-P1BS-501932174040_01_P005_u08rf3031.tif,732
/pylon5/mc3bggp/bspitz/Seals/WV03_20170921062057_104001003371D900_17SEP21062057-P1BS-501946300010_01_P001_u08rf3031.tif,736
/pylon5/mc3bggp/bspitz/Seals/WV03_20171212113300_1040010036442E00_17DEC12113300-P1BS-501954009010_01_P010_u08rf3031.tif,740
/pylon5/mc3bggp/bspitz/Seals/WV03_20170828095011_10400100321C1500_17AUG28095011-P1BS-501603138040_01_P006_u08rf3031.tif,742
/pylon5/mc3bggp/bspitz/Seals/WV03_20171008135849_104001003249AE00_17OCT08135849-P1BS-501861929070_01_P003_u08rf3031.tif,745
/pylon5/mc3bggp/bspitz/Seals/WV03_20171203220151_1040010035669A00_17DEC03220151-P1BS-501932136030_01_P002_u08rf3031.tif,749
/pylon5/mc3bggp/bspitz/Seals/WV03_20171113070933_10400100350B5900_17NOV13070933-P1BS-501920249050_01_P001_u08rf3031.tif,750
/pylon5/mc3bggp/bspitz/Seals/WV03_20170829230218_1040010030416500_17AUG29230218-P1BS-501667661050_01_P004_u08rf3031.tif,751
/pylon5/mc3bggp/bspitz/Seals/WV03_20170818231742_1040010031442200_17AUG18231742-P1BS-501946158030_01_P007_u08rf3031.tif,753
/pylon5/mc3bggp/bspitz/Seals/WV03_20171104142952_1040010034C07000_17NOV04142952-P1BS-501920103100_01_P002_u08rf3031.tif,754
/pylon5/mc3bggp/bspitz/Seals/WV03_20171219212055_104001003503EA00_17DEC19212055-P1BS-501920243040_01_P005_u08rf3031.tif,756
/pylon5/mc3bggp/bspitz/Seals/WV03_20170903143658_10400100334E5000_17SEP03143658-P1BS-501603159030_01_P009_u08rf3031.tif,760
/pylon5/mc3bggp/bspitz/Seals/WV03_20170921174046_1040010032D5E400_17SEP21174046-P1BS-501946276060_01_P002_u08rf3031.tif,764
/pylon5/mc3bggp/bspitz/Seals/WV03_20171103124744_10400100339BC800_17NOV03124744-P1BS-501896777040_01_P001_u08rf3031.tif,766
/pylon5/mc3bggp/bspitz/Seals/WV03_20171212113403_10400100362F7B00_17DEC12113403-P1BS-501953997040_01_P010_u08rf3031.tif,767
/pylon5/mc3bggp/bspitz/Seals/WV03_20170904051057_1040010031829E00_17SEP04051057-P1BS-501669237100_01_P002_u08rf3031.tif,770
/pylon5/mc3bggp/bspitz/Seals/WV03_20171027140320_1040010034872700_17OCT27140320-P1BS-501920081070_01_P003_u08rf3031.tif,774
/pylon5/mc3bggp/bspitz/Seals/WV03_20171212210927_1040010036BAC000_17DEC12210927-P1BS-501968306070_01_P001_u08rf3031.tif,775
/pylon5/mc3bggp/bspitz/Seals/WV03_20170908173352_104001003148CD00_17SEP08173352-P1BS-501669227090_01_P004_u08rf3031.tif,777
/pylon5/mc3bggp/bspitz/Seals/WV03_20171123143359_1040010034307A00_17NOV23143359-P1BS-501896798100_01_P006_u08rf3031.tif,781
/pylon5/mc3bggp/bspitz/Seals/WV03_20171120054245_1040010034B98600_17NOV20054245-P1BS-501920102020_01_P005_u08rf3031.tif,784
/pylon5/mc3bggp/bspitz/Seals/WV03_20171121234547_10400100343F2100_17NOV21234547-P1BS-501917425010_01_P003_u08rf3031.tif,785
/pylon5/mc3bggp/bspitz/Seals/WV03_20171120152530_104001003666F600_17NOV20152530-P1BS-501956499070_01_P001_u08rf3031.tif,788
/pylon5/mc3bggp/bspitz/Seals/WV03_20171218125800_1040010036C96D00_17DEC18125800-P1BS-501968318060_01_P001_u08rf3031.tif,793
/pylon5/mc3bggp/bspitz/Seals/WV03_20171231211242_10400100384CBF00_17DEC31211242-P1BS-501954067030_01_P007_u08rf3031.tif,796
/pylon5/mc3bggp/bspitz/Seals/WV03_20171212113405_10400100362F7B00_17DEC12113405-P1BS-501953997040_01_P011_u08rf3031.tif,799
/pylon5/mc3bggp/bspitz/Seals/WV03_20171117144744_1040010035411200_17NOV17144744-P1BS-501922412070_01_P001_u08rf3031.tif,803
/pylon5/mc3bggp/bspitz/Seals/WV03_20171216221144_1040010036859A00_17DEC16221144-P1BS-501956519100_01_P008_u08rf3031.tif,804
/pylon5/mc3bggp/bspitz/Seals/WV03_20171021235021_10400100339F1200_17OCT21235021-P1BS-501862031030_01_P007_u08rf3031.tif,809
/pylon5/mc3bggp/bspitz/Seals/WV03_20170818134209_104001003107D400_17AUG18134209-P1BS-501667684090_01_P006_u08rf3031.tif,811
/pylon5/mc3bggp/bspitz/Seals/WV03_20170818134217_104001003107D400_17AUG18134217-P1BS-501667684090_01_P011_u08rf3031.tif,814
/pylon5/mc3bggp/bspitz/Seals/WV03_20171026121404_1040010035878E00_17OCT26121404-P1BS-501932176060_01_P010_u08rf3031.tif,817
/pylon5/mc3bggp/bspitz/Seals/WV03_20171019120324_10400100347F4C00_17OCT19120324-P1BS-501862226070_01_P007_u08rf3031.tif,818
/pylon5/mc3bggp/bspitz/Seals/WV03_20171020233336_10400100334E6100_17OCT20233336-P1BS-501862013070_01_P001_u08rf3031.tif,820
/pylon5/mc3bggp/bspitz/Seals/WV03_20171030211953_104001003444FD00_17OCT30211953-P1BS-501917427040_01_P011_u08rf3031.tif,820
/pylon5/mc3bggp/bspitz/Seals/WV03_20171126053813_10400100358E6100_17NOV26053813-P1BS-501932179090_01_P003_u08rf3031.tif,824
/pylon5/mc3bggp/bspitz/Seals/WV03_20171218062842_1040010037708200_17DEC18062842-P1BS-501968397050_01_P007_u08rf3031.tif,826
/pylon5/mc3bggp/bspitz/Seals/WV03_20171104142951_1040010034C07000_17NOV04142951-P1BS-501920103100_01_P001_u08rf3031.tif,831
/pylon5/mc3bggp/bspitz/Seals/WV03_20171109075036_104001003425C900_17NOV09075036-P1BS-501896795020_01_P008_u08rf3031.tif,834
/pylon5/mc3bggp/bspitz/Seals/WV03_20170610231022_104001002E331300_17JUN10231022-P1BS-501946149020_01_P009_u08rf3031.tif,837
/pylon5/mc3bggp/bspitz/Seals/WV03_20170912165910_10400100316BFC00_17SEP12165910-P1BS-501946161080_01_P002_u08rf3031.tif,839
/pylon5/mc3bggp/bspitz/Seals/WV03_20171011211701_1040010033156200_17OCT11211701-P1BS-501861946030_01_P006_u08rf3031.tif,840
/pylon5/mc3bggp/bspitz/Seals/WV03_20170722224405_104001002E7EBE00_17JUL22224405-P1BS-501497905050_01_P001_u08rf3031.tif,842
/pylon5/mc3bggp/bspitz/Seals/WV03_20170901140636_1040010031BE8A00_17SEP01140636-P1BS-501669350010_01_P008_u08rf3031.tif,845
/pylon5/mc3bggp/bspitz/Seals/WV03_20171229235335_10400100365BA200_17DEC29235335-P1BS-501956492040_01_P001_u08rf3031.tif,846
/pylon5/mc3bggp/bspitz/Seals/WV03_20171224160859_104001003533AB00_17DEC24160859-P1BS-501922401030_01_P003_u08rf3031.tif,849
/pylon5/mc3bggp/bspitz/Seals/WV03_20171112230216_10400100342E8500_17NOV12230216-P1BS-501896797100_01_P001_u08rf3031.tif,854
/pylon5/mc3bggp/bspitz/Seals/WV03_20170716131001_104001002F2A7D00_17JUL16131001-P1BS-501992558050_01_P001_u08rf3031.tif,855
/pylon5/mc3bggp/bspitz/Seals/WV03_20171001134642_104001003319CE00_17OCT01134642-P1BS-501946281020_01_P001_u08rf3031.tif,858
/pylon5/mc3bggp/bspitz/Seals/WV03_20170818231641_104001003056F000_17AUG18231641-P1BS-501946154070_01_P003_u08rf3031.tif,860
/pylon5/mc3bggp/bspitz/Seals/WV03_20171001170232_10400100341C4D00_17OCT01170232-P1BS-501946352040_01_P001_u08rf3031.tif,864
/pylon5/mc3bggp/bspitz/Seals/WV03_20171013165706_1040010033C3A400_17OCT13165706-P1BS-501862132020_01_P003_u08rf3031.tif,866
/pylon5/mc3bggp/bspitz/Seals/WV03_20170818134115_10400100311A6D00_17AUG18134115-P1BS-501669219040_01_P007_u08rf3031.tif,871
/pylon5/mc3bggp/bspitz/Seals/WV03_20170921012822_1040010033CF8000_17SEP21012822-P1BS-501946348050_01_P001_u08rf3031.tif,874
/pylon5/mc3bggp/bspitz/Seals/WV03_20171114072317_104001003506FE00_17NOV14072317-P1BS-501920246030_01_P001_u08rf3031.tif,877
/pylon5/mc3bggp/bspitz/Seals/WV03_20170902142119_10400100311B6100_17SEP02142119-P1BS-501669219050_01_P009_u08rf3031.tif,879
/pylon5/mc3bggp/bspitz/Seals/WV03_20171218125806_1040010036C96D00_17DEC18125806-P1BS-501968318060_01_P005_u08rf3031.tif,881
/pylon5/mc3bggp/bspitz/Seals/WV03_20171214151710_10400100352EE100_17DEC14151710-P1BS-501922398090_01_P009_u08rf3031.tif,883
/pylon5/mc3bggp/bspitz/Seals/WV03_20171021140637_104001003568EC00_17OCT21140637-P1BS-501862248040_01_P005_u08rf3031.tif,885
/pylon5/mc3bggp/bspitz/Seals/WV03_20170915125116_10400100313F1600_17SEP15125116-P1BS-501946159070_01_P001_u08rf3031.tif,888
/pylon5/mc3bggp/bspitz/Seals/WV03_20180103202358_1040010037925500_18JAN03202358-P1BS-501954099010_01_P002_u08rf3031.tif,890
/pylon5/mc3bggp/bspitz/Seals/WV03_20171027140219_1040010034574400_17OCT27140219-P1BS-501917434030_01_P002_u08rf3031.tif,893
/pylon5/mc3bggp/bspitz/Seals/WV03_20170904051055_1040010031829E00_17SEP04051055-P1BS-501669237100_01_P001_u08rf3031.tif,897
/pylon5/mc3bggp/bspitz/Seals/WV03_20171005212002_104001003389D500_17OCT05212002-P1BS-501862026020_01_P007_u08rf3031.tif,899
/pylon5/mc3bggp/bspitz/Seals/WV03_20171103124243_10400100341C0100_17NOV03124243-P1BS-501896790100_01_P007_u08rf3031.tif,903
/pylon5/mc3bggp/bspitz/Seals/WV03_20171214182506_1040010035199900_17DEC14182506-P1BS-501920259090_01_P005_u08rf3031.tif,906
/pylon5/mc3bggp/bspitz/Seals/WV03_20171023143823_1040010034CFCC00_17OCT23143823-P1BS-501862242010_01_P003_u08rf3031.tif,908
/pylon5/mc3bggp/bspitz/Seals/WV03_20171021140641_104001003568EC00_17OCT21140641-P1BS-501862248040_01_P008_u08rf3031.tif,911
/pylon5/mc3bggp/bspitz/Seals/WV03_20170904050948_1040010031310200_17SEP04050948-P1BS-501669223080_01_P002_u08rf3031.tif,913
/pylon5/mc3bggp/bspitz/Seals/WV03_20170819135641_1040010030266F00_17AUG19135641-P1BS-501667602020_01_P007_u08rf3031.tif,919
/pylon5/mc3bggp/bspitz/Seals/WV03_20170920123550_1040010034C31B00_17SEP20123550-P1BS-501946357040_01_P001_u08rf3031.tif,922
/pylon5/mc3bggp/bspitz/Seals/WV03_20170923212626_104001003270D000_17SEP23212626-P1BS-501987108070_01_P003_u08rf3031.tif,923
/pylon5/mc3bggp/bspitz/Seals/WV03_20170818231725_1040010032AA7700_17AUG18231725-P1BS-501946250040_01_P007_u08rf3031.tif,925
/pylon5/mc3bggp/bspitz/Seals/WV03_20171219212053_104001003503EA00_17DEC19212053-P1BS-501920243040_01_P004_u08rf3031.tif,930
/pylon5/mc3bggp/bspitz/Seals/WV03_20171124033059_10400100351CA000_17NOV24033059-P1BS-501920262070_01_P002_u08rf3031.tif,933
/pylon5/mc3bggp/bspitz/Seals/WV03_20171007134153_10400100346D1B00_17OCT07134153-P1BS-501862159090_01_P005_u08rf3031.tif,935
/pylon5/mc3bggp/bspitz/Seals/WV03_20171016160422_10400100359A6000_17OCT16160422-P1BS-501862249080_01_P011_u08rf3031.tif,939
/pylon5/mc3bggp/bspitz/Seals/WV03_20171230142738_10400100368CCB00_17DEC30142738-P1BS-501956589010_01_P005_u08rf3031.tif,941
/pylon5/mc3bggp/bspitz/Seals/WV03_20180106130202_1040010037AEBB00_18JAN06130202-P1BS-501954108020_01_P002_u08rf3031.tif,944
/pylon5/mc3bggp/bspitz/Seals/WV03_20171202023027_10400100357AB200_17DEC02023027-P1BS-501932166100_01_P001_u08rf3031.tif,945
/pylon5/mc3bggp/bspitz/Seals/WV03_20171229110028_10400100351B2C00_17DEC29110028-P1BS-501920261030_01_P001_u08rf3031.tif,947
/pylon5/mc3bggp/bspitz/Seals/WV03_20170918151648_1040010033412C00_17SEP18151648-P1BS-501946288070_01_P004_u08rf3031.tif,951
/pylon5/mc3bggp/bspitz/Seals/WV03_20170722224519_104001002F579500_17JUL22224519-P1BS-501497983050_01_P006_u08rf3031.tif,954
/pylon5/mc3bggp/bspitz/Seals/WV03_20171109042904_10400100343EA500_17NOV09042904-P1BS-501917426030_01_P001_u08rf3031.tif,956
/pylon5/mc3bggp/bspitz/Seals/WV03_20171225050412_1040010036C79300_17DEC25050412-P1BS-501968317070_01_P001_u08rf3031.tif,959
/pylon5/mc3bggp/bspitz/Seals/WV03_20171012195556_1040010035523C00_17OCT12195556-P1BS-501862245070_01_P001_u08rf3031.tif,961
/pylon5/mc3bggp/bspitz/Seals/WV03_20170908222446_104001003229DC00_17SEP08222446-P1BS-501603140050_01_P003_u08rf3031.tif,962
/pylon5/mc3bggp/bspitz/Seals/WV03_20170925090034_1040010032B45600_17SEP25090034-P1BS-501946252050_01_P004_u08rf3031.tif,963
/pylon5/mc3bggp/bspitz/Seals/WV03_20170901221121_10400100318B7500_17SEP01221121-P1BS-501669238100_01_P002_u08rf3031.tif,964
/pylon5/mc3bggp/bspitz/Seals/WV03_20170902142221_1040010032096400_17SEP02142221-P1BS-501603135090_01_P007_u08rf3031.tif,966
/pylon5/mc3bggp/bspitz/Seals/WV03_20171219180621_1040010036BBC300_17DEC19180621-P1BS-501968307050_01_P004_u08rf3031.tif,970
/pylon5/mc3bggp/bspitz/Seals/WV03_20180110140349_1040010036700100_18JAN10140349-P1BS-501956503050_01_P006_u08rf3031.tif,971
/pylon5/mc3bggp/bspitz/Seals/WV03_20170908222449_104001003229DC00_17SEP08222449-P1BS-501603140050_01_P005_u08rf3031.tif,972
/pylon5/mc3bggp/bspitz/Seals/WV03_20171216172109_104001003772C400_17DEC16172109-P1BS-501968395040_01_P005_u08rf3031.tif,972
/pylon5/mc3bggp/bspitz/Seals/WV03_20170904131429_1040010032B95100_17SEP04131429-P1BS-501987121010_01_P002_u08rf3031.tif,974
/pylon5/mc3bggp/bspitz/Seals/WV03_20170717230416_104001002F103B00_17JUL17230416-P1BS-501497929030_01_P006_u08rf3031.tif,975
/pylon5/mc3bggp/bspitz/Seals/WV03_20170717230418_104001002F103B00_17JUL17230418-P1BS-501497929030_01_P007_u08rf3031.tif,978
/pylon5/mc3bggp/bspitz/Seals/WV03_20170908222444_104001003229DC00_17SEP08222444-P1BS-501603140050_01_P002_u08rf3031.tif,981
/pylon5/mc3bggp/bspitz/Seals/WV03_20170912004600_1040010032BA9C00_17SEP12004600-P1BS-501946254030_01_P003_u08rf3031.tif,983
/pylon5/mc3bggp/bspitz/Seals/WV03_20170922144250_1040010033327700_17SEP22144250-P1BS-501946286070_01_P004_u08rf3031.tif,985
/pylon5/mc3bggp/bspitz/Seals/WV03_20171224161021_1040010036169400_17DEC24161021-P1BS-501934413100_01_P003_u08rf3031.tif,987
/pylon5/mc3bggp/bspitz/Seals/WV03_20180110140344_1040010036700100_18JAN10140344-P1BS-501956503050_01_P003_u08rf3031.tif,990
/pylon5/mc3bggp/bspitz/Seals/WV03_20171124212134_104001003689A000_17NOV24212134-P1BS-501956585100_01_P009_u08rf3031.tif,993
/pylon5/mc3bggp/bspitz/Seals/WV03_20171023143927_1040010034B64D00_17OCT23143927-P1BS-501862236020_01_P009_u08rf3031.tif,999
/pylon5/mc3bggp/bspitz/Seals/WV03_20171105032731_104001003356D400_17NOV05032731-P1BS-501896770020_01_P010_u08rf3031.tif,1001
/pylon5/mc3bggp/bspitz/Seals/WV03_20171216141359_10400100365AB800_17DEC16141359-P1BS-501956492010_01_P007_u08rf3031.tif,1002
/pylon5/mc3bggp/bspitz/Seals/WV03_20171107103152_1040010035625600_17NOV07103152-P1BS-501932129010_01_P006_u08rf3031.tif,1006
/pylon5/mc3bggp/bspitz/Seals/WV03_20171225001227_104001003614F700_17DEC25001227-P1BS-501934412050_01_P001_u08rf3031.tif,1008
/pylon5/mc3bggp/bspitz/Seals/WV03_20170905101802_10400100323D5600_17SEP05101802-P1BS-501603143070_01_P003_u08rf3031.tif,1011
/pylon5/mc3bggp/bspitz/Seals/WV03_20171006231022_104001003429B800_17OCT06231022-P1BS-501862145060_01_P003_u08rf3031.tif,1012
/pylon5/mc3bggp/bspitz/Seals/WV03_20171016160420_10400100359A6000_17OCT16160420-P1BS-501862249080_01_P010_u08rf3031.tif,1016
/pylon5/mc3bggp/bspitz/Seals/WV03_20171210140720_1040010037BFEF00_17DEC10140720-P1BS-501954113050_01_P003_u08rf3031.tif,1019
/pylon5/mc3bggp/bspitz/Seals/WV03_20171224161027_1040010036169400_17DEC24161027-P1BS-501934413100_01_P007_u08rf3031.tif,1021
/pylon5/mc3bggp/bspitz/Seals/WV03_20171124212133_104001003689A000_17NOV24212133-P1BS-501956585100_01_P008_u08rf3031.tif,1023
/pylon5/mc3bggp/bspitz/Seals/WV03_20171104142954_1040010034C07000_17NOV04142954-P1BS-501920103100_01_P003_u08rf3031.tif,1025
/pylon5/mc3bggp/bspitz/Seals/WV03_20171124212132_104001003689A000_17NOV24212132-P1BS-501956585100_01_P007_u08rf3031.tif,1028
/pylon5/mc3bggp/bspitz/Seals/WV03_20170905101702_104001003283AB00_17SEP05101702-P1BS-501603149020_01_P003_u08rf3031.tif,1028
/pylon5/mc3bggp/bspitz/Seals/WV03_20171122142843_10400100354FE400_17NOV22142843-P1BS-501932119060_01_P011_u08rf3031.tif,1032
/pylon5/mc3bggp/bspitz/Seals/WV03_20171212175401_1040010036569100_17DEC12175401-P1BS-501954093030_01_P001_u08rf3031.tif,1034
/pylon5/mc3bggp/bspitz/Seals/WV03_20170925072359_1040010031629500_17SEP25072359-P1BS-501946161030_01_P004_u08rf3031.tif,1035
/pylon5/mc3bggp/bspitz/Seals/WV03_20180110140352_1040010036700100_18JAN10140352-P1BS-501956503050_01_P008_u08rf3031.tif,1039
/pylon5/mc3bggp/bspitz/Seals/WV03_20170902142107_10400100311B6100_17SEP02142107-P1BS-501669219050_01_P002_u08rf3031.tif,1040
/pylon5/mc3bggp/bspitz/Seals/WV03_20171224161000_10400100362D9400_17DEC24161000-P1BS-501953995080_01_P004_u08rf3031.tif,1042
/pylon5/mc3bggp/bspitz/Seals/WV03_20171224161030_1040010036169400_17DEC24161030-P1BS-501934413100_01_P009_u08rf3031.tif,1044
/pylon5/mc3bggp/bspitz/Seals/WV03_20171230142700_10400100357FDC00_17DEC30142700-P1BS-501932170020_01_P004_u08rf3031.tif,1046
/pylon5/mc3bggp/bspitz/Seals/WV03_20170916211454_10400100325F3100_17SEP16211454-P1BS-501986281050_01_P002_u08rf3031.tif,1048
/pylon5/mc3bggp/bspitz/Seals/WV03_20171026103641_1040010034536500_17OCT26103641-P1BS-501917431100_01_P003_u08rf3031.tif,1055
/pylon5/mc3bggp/bspitz/Seals/WV03_20171017063553_1040010034422D00_17OCT17063553-P1BS-501862150070_01_P001_u08rf3031.tif,1057
/pylon5/mc3bggp/bspitz/Seals/WV03_20171021140640_104001003568EC00_17OCT21140640-P1BS-501862248040_01_P007_u08rf3031.tif,1059
/pylon5/mc3bggp/bspitz/Seals/WV03_20171008135852_104001003249AE00_17OCT08135852-P1BS-501861929070_01_P005_u08rf3031.tif,1062
/pylon5/mc3bggp/bspitz/Seals/WV03_20170902142212_1040010032096400_17SEP02142212-P1BS-501603135090_01_P002_u08rf3031.tif,1064
/pylon5/mc3bggp/bspitz/Seals/WV03_20170925134920_10400100328FF600_17SEP25134920-P1BS-501946247080_01_P005_u08rf3031.tif,1065
/pylon5/mc3bggp/bspitz/Seals/WV03_20171007134419_1040010032571A00_17OCT07134419-P1BS-501861932080_01_P001_u08rf3031.tif,1068
/pylon5/mc3bggp/bspitz/Seals/WV03_20170910113310_10400100314FB900_17SEP10113310-P1BS-501669229050_01_P004_u08rf3031.tif,1069
/pylon5/mc3bggp/bspitz/Seals/WV03_20171205062129_1040010036051400_17DEC05062129-P1BS-501934402080_01_P005_u08rf3031.tif,1070
/pylon5/mc3bggp/bspitz/Seals/WV03_20171108220335_1040010034415800_17NOV08220335-P1BS-501917426080_01_P002_u08rf3031.tif,1072
/pylon5/mc3bggp/bspitz/Seals/WV03_20171121140419_1040010035CB9200_17NOV21140419-P1BS-501934391080_01_P003_u08rf3031.tif,1074
/pylon5/mc3bggp/bspitz/Seals/WV03_20170610230930_104001002D090B00_17JUN10230930-P1BS-501946143040_01_P010_u08rf3031.tif,1075
/pylon5/mc3bggp/bspitz/Seals/WV03_20170905101701_104001003283AB00_17SEP05101701-P1BS-501603149020_01_P002_u08rf3031.tif,1076
/pylon5/mc3bggp/bspitz/Seals/WV03_20171218143445_1040010037125100_17DEC18143445-P1BS-501968333060_01_P001_u08rf3031.tif,1079
/pylon5/mc3bggp/bspitz/Seals/WV03_20180110140248_10400100366F8800_18JAN10140248-P1BS-501956505020_01_P006_u08rf3031.tif,1080
/pylon5/mc3bggp/bspitz/Seals/WV03_20170930213906_1040010033B42A00_17SEP30213906-P1BS-501946341080_01_P004_u08rf3031.tif,1081
/pylon5/mc3bggp/bspitz/Seals/WV03_20170916211452_10400100325F3100_17SEP16211452-P1BS-501986281050_01_P001_u08rf3031.tif,1082
/pylon5/mc3bggp/bspitz/Seals/WV03_20171214182628_1040010036239C00_17DEC14182628-P1BS-501953988030_01_P008_u08rf3031.tif,1085
/pylon5/mc3bggp/bspitz/Seals/WV03_20170903224321_1040010032466100_17SEP03224321-P1BS-501603141070_01_P003_u08rf3031.tif,1088
/pylon5/mc3bggp/bspitz/Seals/WV03_20171005212004_104001003389D500_17OCT05212004-P1BS-501862026020_01_P009_u08rf3031.tif,1089
/pylon5/mc3bggp/bspitz/Seals/WV03_20170914092242_1040010031D79000_17SEP14092242-P1BS-501946165020_01_P002_u08rf3031.tif,1090
/pylon5/mc3bggp/bspitz/Seals/WV03_20171218143522_1040010035037B00_17DEC18143522-P1BS-501920244020_01_P004_u08rf3031.tif,1091
/pylon5/mc3bggp/bspitz/Seals/WV03_20171102220626_10400100351EFF00_17NOV02220626-P1BS-501920263100_01_P002_u08rf3031.tif,1094
/pylon5/mc3bggp/bspitz/Seals/WV03_20180103184735_10400100376B8600_18JAN03184735-P1BS-501968396060_01_P005_u08rf3031.tif,1097
/pylon5/mc3bggp/bspitz/Seals/WV03_20170915125031_1040010032768700_17SEP15125031-P1BS-501946243020_01_P001_u08rf3031.tif,1099
/pylon5/mc3bggp/bspitz/Seals/WV03_20171006231129_1040010033C27A00_17OCT06231129-P1BS-501862131070_01_P004_u08rf3031.tif,1101
/pylon5/mc3bggp/bspitz/Seals/WV03_20171209220028_10400100353A1A00_17DEC09220028-P1BS-501922407070_01_P001_u08rf3031.tif,1104
/pylon5/mc3bggp/bspitz/Seals/WV03_20171124145850_1040010035754300_17NOV24145850-P1BS-501932162070_01_P006_u08rf3031.tif,1106
/pylon5/mc3bggp/bspitz/Seals/WV03_20170924231845_1040010033BFE000_17SEP24231845-P1BS-501946346010_01_P001_u08rf3031.tif,1107
/pylon5/mc3bggp/bspitz/Seals/WV03_20171206063646_10400100361F0900_17DEC06063646-P1BS-501953984010_01_P003_u08rf3031.tif,1109
/pylon5/mc3bggp/bspitz/Seals/WV03_20171023143921_1040010034B64D00_17OCT23143921-P1BS-501862236020_01_P005_u08rf3031.tif,1111
/pylon5/mc3bggp/bspitz/Seals/WV03_20171214120345_1040010036695200_17DEC14120345-P1BS-501956499100_01_P005_u08rf3031.tif,1113
/pylon5/mc3bggp/bspitz/Seals/WV03_20170905101807_10400100323D5600_17SEP05101807-P1BS-501603143070_01_P006_u08rf3031.tif,1116
/pylon5/mc3bggp/bspitz/Seals/WV03_20171005032910_1040010034C25B00_17OCT05032910-P1BS-501862239080_01_P005_u08rf3031.tif,1118
/pylon5/mc3bggp/bspitz/Seals/WV03_20171224160918_1040010037300700_17DEC24160918-P1BS-501968379040_01_P002_u08rf3031.tif,1121
/pylon5/mc3bggp/bspitz/Seals/WV03_20171121185902_104001003599E300_17NOV21185902-P1BS-501932188080_01_P003_u08rf3031.tif,1123
/pylon5/mc3bggp/bspitz/Seals/WV03_20180105142301_10400100363DAA00_18JAN05142301-P1BS-501954006070_01_P002_u08rf3031.tif,1125
/pylon5/mc3bggp/bspitz/Seals/WV03_20171231145026_10400100368E7200_17DEC31145026-P1BS-501956589080_01_P005_u08rf3031.tif,1127
/pylon5/mc3bggp/bspitz/Seals/WV03_20171031200116_104001003419C900_17OCT31200116-P1BS-501896789080_01_P007_u08rf3031.tif,1128
/pylon5/mc3bggp/bspitz/Seals/WV03_20170907104854_1040010033D30D00_17SEP07104854-P1BS-501603217090_01_P004_u08rf3031.tif,1129
/pylon5/mc3bggp/bspitz/Seals/WV03_20171209023220_1040010036498000_17DEC09023220-P1BS-501954013070_01_P003_u08rf3031.tif,1131
/pylon5/mc3bggp/bspitz/Seals/WV03_20171121140307_104001003414FE00_17NOV21140307-P1BS-501896788080_01_P001_u08rf3031.tif,1133
/pylon5/mc3bggp/bspitz/Seals/WV03_20171024051128_10400100331D3500_17OCT24051128-P1BS-501896678040_01_P003_u08rf3031.tif,1136
/pylon5/mc3bggp/bspitz/Seals/WV03_20171208133600_104001003418F800_17DEC08133600-P1BS-501896789070_01_P006_u08rf3031.tif,1138
/pylon5/mc3bggp/bspitz/Seals/WV03_20171219015310_1040010035972300_17DEC19015310-P1BS-501932186010_01_P007_u08rf3031.tif,1140
/pylon5/mc3bggp/bspitz/Seals/WV03_20170613124027_104001002D9DA600_17JUN13124027-P1BS-501461471070_01_P003_u08rf3031.tif,1141
/pylon5/mc3bggp/bspitz/Seals/WV03_20171214200422_104001003671D200_17DEC14200422-P1BS-501956505090_01_P001_u08rf3031.tif,1141
/pylon5/mc3bggp/bspitz/Seals/WV03_20171224161007_10400100362D9400_17DEC24161007-P1BS-501953995080_01_P008_u08rf3031.tif,1142
/pylon5/mc3bggp/bspitz/Seals/WV03_20171022124705_1040010034A58200_17OCT22124705-P1BS-501920093020_01_P009_u08rf3031.tif,1147
/pylon5/mc3bggp/bspitz/Seals/WV03_20171224160823_1040010037B61C00_17DEC24160823-P1BS-501954110020_01_P001_u08rf3031.tif,1149
/pylon5/mc3bggp/bspitz/Seals/WV03_20170922130310_1040010032560E00_17SEP22130310-P1BS-501946238010_01_P005_u08rf3031.tif,1151
/pylon5/mc3bggp/bspitz/Seals/WV03_20170907104947_10400100333A4E00_17SEP07104947-P1BS-501603159020_01_P002_u08rf3031.tif,1152
/pylon5/mc3bggp/bspitz/Seals/WV03_20171206063645_10400100361F0900_17DEC06063645-P1BS-501953984010_01_P002_u08rf3031.tif,1156
/pylon5/mc3bggp/bspitz/Seals/WV03_20171205125451_1040010036C83400_17DEC05125451-P1BS-501968315050_01_P002_u08rf3031.tif,1157
/pylon5/mc3bggp/bspitz/Seals/WV03_20171204190458_1040010035BF0D00_17DEC04190458-P1BS-501934302020_01_P004_u08rf3031.tif,1160
/pylon5/mc3bggp/bspitz/Seals/WV03_20171217141844_1040010035723600_17DEC17141844-P1BS-501932160020_01_P007_u08rf3031.tif,1164
/pylon5/mc3bggp/bspitz/Seals/WV03_20171023000538_10400100335C5B00_17OCT23000538-P1BS-501862017040_01_P002_u08rf3031.tif,1166
/pylon5/mc3bggp/bspitz/Seals/WV03_20171001134911_104001003269F200_17OCT01134911-P1BS-501946240100_01_P009_u08rf3031.tif,1168
/pylon5/mc3bggp/bspitz/Seals/WV03_20171219212131_1040010037883600_17DEC19212131-P1BS-501954096050_01_P006_u08rf3031.tif,1169
/pylon5/mc3bggp/bspitz/Seals/WV03_20171216024411_10400100360DF500_17DEC16024411-P1BS-501934408040_01_P001_u08rf3031.tif,1172
/pylon5/mc3bggp/bspitz/Seals/WV03_20171126053839_104001003672BE00_17NOV26053839-P1BS-501956506020_01_P002_u08rf3031.tif,1174
/pylon5/mc3bggp/bspitz/Seals/WV03_20171108202718_1040010034929800_17NOV08202718-P1BS-501920086090_01_P007_u08rf3031.tif,1174
/pylon5/mc3bggp/bspitz/Seals/WV03_20180110042244_10400100374F1500_18JAN10042244-P1BS-501968389020_01_P001_u08rf3031.tif,1178
/pylon5/mc3bggp/bspitz/Seals/WV03_20171118100803_1040010035CE1000_17NOV18100803-P1BS-501934393080_01_P005_u08rf3031.tif,1180
/pylon5/mc3bggp/bspitz/Seals/WV03_20171115234927_1040010033958D00_17NOV15234927-P1BS-501896775050_01_P001_u08rf3031.tif,1181
/pylon5/mc3bggp/bspitz/Seals/WV03_20171230044722_1040010036CE2B00_17DEC30044722-P1BS-501968321010_01_P002_u08rf3031.tif,1181
/pylon5/mc3bggp/bspitz/Seals/WV03_20170925152841_1040010032AB8700_17SEP25152841-P1BS-501946250060_01_P002_u08rf3031.tif,1182
/pylon5/mc3bggp/bspitz/Seals/WV03_20171216141253_1040010036587400_17DEC16141253-P1BS-501954094030_01_P007_u08rf3031.tif,1185
/pylon5/mc3bggp/bspitz/Seals/WV03_20171231211239_10400100384CBF00_17DEC31211239-P1BS-501954067030_01_P005_u08rf3031.tif,1186
/pylon5/mc3bggp/bspitz/Seals/WV03_20171026040544_104001003442DA00_17OCT26040544-P1BS-501917427010_01_P010_u08rf3031.tif,1188
/pylon5/mc3bggp/bspitz/Seals/WV03_20171215072157_1040010036C3CB00_17DEC15072157-P1BS-501968314010_01_P005_u08rf3031.tif,1191
/pylon5/mc3bggp/bspitz/Seals/WV03_20170922144142_1040010033AFD100_17SEP22144142-P1BS-501946342070_01_P002_u08rf3031.tif,1192
/pylon5/mc3bggp/bspitz/Seals/WV03_20171211173854_10400100355EFB00_17DEC11173854-P1BS-501932130020_01_P002_u08rf3031.tif,1195
/pylon5/mc3bggp/bspitz/Seals/WV03_20171130015026_10400100342EB400_17NOV30015026-P1BS-501896798050_01_P004_u08rf3031.tif,1196
/pylon5/mc3bggp/bspitz/Seals/WV03_20171228135601_10400100358E6900_17DEC28135601-P1BS-501932180020_01_P006_u08rf3031.tif,1199
/pylon5/mc3bggp/bspitz/Seals/WV03_20170819135734_1040010031994E00_17AUG19135734-P1BS-501669240040_01_P008_u08rf3031.tif,1200
/pylon5/mc3bggp/bspitz/Seals/WV03_20170717230317_104001002E0E4900_17JUL17230317-P1BS-501497811010_01_P009_u08rf3031.tif,1202
/pylon5/mc3bggp/bspitz/Seals/WV03_20171023000541_10400100335C5B00_17OCT23000541-P1BS-501862017040_01_P004_u08rf3031.tif,1203
/pylon5/mc3bggp/bspitz/Seals/WV03_20171218143351_1040010036AC8000_17DEC18143351-P1BS-501956609060_01_P003_u08rf3031.tif,1204
/pylon5/mc3bggp/bspitz/Seals/WV03_20171114072339_1040010034489300_17NOV14072339-P1BS-501917428050_01_P003_u08rf3031.tif,1205
/pylon5/mc3bggp/bspitz/Seals/WV03_20171225082732_10400100377EF300_17DEC25082732-P1BS-501968401030_01_P008_u08rf3031.tif,1206
/pylon5/mc3bggp/bspitz/Seals/WV03_20171106133339_10400100331E6400_17NOV06133339-P1BS-501896680010_01_P001_u08rf3031.tif,1207
/pylon5/mc3bggp/bspitz/Seals/WV03_20171219132005_104001003678C300_17DEC19132005-P1BS-501956508090_01_P007_u08rf3031.tif,1209
/pylon5/mc3bggp/bspitz/Seals/WV03_20171007134429_1040010032571A00_17OCT07134429-P1BS-501861932080_01_P008_u08rf3031.tif,1209
/pylon5/mc3bggp/bspitz/Seals/WV03_20171125151159_10400100362DB600_17NOV25151159-P1BS-501953996010_01_P003_u08rf3031.tif,1211
/pylon5/mc3bggp/bspitz/Seals/WV03_20171120103545_1040010033B37500_17NOV20103545-P1BS-501896778030_01_P007_u08rf3031.tif,1213
/pylon5/mc3bggp/bspitz/Seals/WV03_20171221152632_1040010036849000_17DEC21152632-P1BS-501956518060_01_P008_u08rf3031.tif,1214
/pylon5/mc3bggp/bspitz/Seals/WV03_20171220083804_10400100362EAC00_17DEC20083804-P1BS-501953996090_01_P005_u08rf3031.tif,1216
/pylon5/mc3bggp/bspitz/Seals/WV03_20170912165834_1040010032781200_17SEP12165834-P1BS-501946242040_01_P012_u08rf3031.tif,1217
/pylon5/mc3bggp/bspitz/Seals/WV03_20171231211328_1040010035D4FE00_17DEC31211328-P1BS-501934397080_01_P006_u08rf3031.tif,1219
/pylon5/mc3bggp/bspitz/Seals/WV03_20171220034615_10400100352EE900_17DEC20034615-P1BS-501922398010_01_P001_u08rf3031.tif,1222
/pylon5/mc3bggp/bspitz/Seals/WV03_20171012132418_10400100331ADE00_17OCT12132418-P1BS-501861945010_01_P010_u08rf3031.tif,1223
/pylon5/mc3bggp/bspitz/Seals/WV03_20171103025558_10400100349BB400_17NOV03025558-P1BS-501920088060_01_P001_u08rf3031.tif,1226
/pylon5/mc3bggp/bspitz/Seals/WV03_20170916014916_1040010033917D00_17SEP16014916-P1BS-501946336010_01_P002_u08rf3031.tif,1228
/pylon5/mc3bggp/bspitz/Seals/WV03_20180105030403_10400100378C0D00_18JAN05030403-P1BS-501954097080_01_P001_u08rf3031.tif,1229
/pylon5/mc3bggp/bspitz/Seals/WV03_20171206063650_10400100361F0900_17DEC06063650-P1BS-501953984010_01_P005_u08rf3031.tif,1230
/pylon5/mc3bggp/bspitz/Seals/WV03_20171231131355_1040010036245800_17DEC31131355-P1BS-501953989020_01_P004_u08rf3031.tif,1232
/pylon5/mc3bggp/bspitz/Seals/WV03_20171104174654_104001003529D300_17NOV04174654-P1BS-501922394070_01_P001_u08rf3031.tif,1234
/pylon5/mc3bggp/bspitz/Seals/WV03_20171020233451_10400100342CFB00_17OCT20233451-P1BS-501862146040_01_P005_u08rf3031.tif,1236
/pylon5/mc3bggp/bspitz/Seals/WV03_20171208182923_1040010036A56200_17DEC08182923-P1BS-501956604090_01_P003_u08rf3031.tif,1238
/pylon5/mc3bggp/bspitz/Seals/WV03_20171124212021_10400100342EE900_17NOV24212021-P1BS-501896798010_01_P007_u08rf3031.tif,1239
/pylon5/mc3bggp/bspitz/Seals/WV03_20171201115658_1040010035425200_17DEC01115658-P1BS-501922414030_01_P009_u08rf3031.tif,1239
/pylon5/mc3bggp/bspitz/Seals/WV03_20171114041051_1040010035483100_17NOV14041051-P1BS-501922416070_01_P001_u08rf3031.tif,1241
/pylon5/mc3bggp/bspitz/Seals/WV03_20170923132001_1040010032CF9F00_17SEP23132001-P1BS-501946276020_01_P002_u08rf3031.tif,1242
/pylon5/mc3bggp/bspitz/Seals/WV03_20171007134313_1040010034460400_17OCT07134313-P1BS-501862151010_01_P003_u08rf3031.tif,1245
/pylon5/mc3bggp/bspitz/Seals/WV03_20171201230724_1040010033D4F400_17DEC01230724-P1BS-501896782030_01_P005_u08rf3031.tif,1248
/pylon5/mc3bggp/bspitz/Seals/WV03_20171121060737_10400100358A3D00_17NOV21060737-P1BS-501932177030_01_P007_u08rf3031.tif,1250
/pylon5/mc3bggp/bspitz/Seals/WV03_20171120121846_1040010035301B00_17NOV20121846-P1BS-501922399070_01_P001_u08rf3031.tif,1251
/pylon5/mc3bggp/bspitz/Seals/WV03_20171120103942_1040010034751000_17NOV20103942-P1BS-501917442060_01_P006_u08rf3031.tif,1253
/pylon5/mc3bggp/bspitz/Seals/WV03_20170907104949_10400100333A4E00_17SEP07104949-P1BS-501603159020_01_P003_u08rf3031.tif,1253
/pylon5/mc3bggp/bspitz/Seals/WV03_20171206063643_10400100361F0900_17DEC06063643-P1BS-501953984010_01_P001_u08rf3031.tif,1256
/pylon5/mc3bggp/bspitz/Seals/WV03_20171026134854_1040010034B3BF00_17OCT26134854-P1BS-501920098010_01_P008_u08rf3031.tif,1258
/pylon5/mc3bggp/bspitz/Seals/WV03_20171121185722_1040010035336A00_17NOV21185722-P1BS-501922401020_01_P001_u08rf3031.tif,1259
/pylon5/mc3bggp/bspitz/Seals/WV03_20171229042854_1040010035CF1800_17DEC29042854-P1BS-501934395010_01_P007_u08rf3031.tif,1260
/pylon5/mc3bggp/bspitz/Seals/WV03_20171109190614_10400100350E3100_17NOV09190614-P1BS-501920250030_01_P002_u08rf3031.tif,1261
/pylon5/mc3bggp/bspitz/Seals/WV03_20170913220506_1040010033986E00_17SEP13220506-P1BS-501989198080_01_P001_u08rf3031.tif,1262
/pylon5/mc3bggp/bspitz/Seals/WV03_20171104143128_104001003434D100_17NOV04143128-P1BS-501917421050_01_P002_u08rf3031.tif,1264
/pylon5/mc3bggp/bspitz/Seals/WV03_20170905231343_1040010032CDF100_17SEP05231343-P1BS-501603156060_01_P003_u08rf3031.tif,1267
/pylon5/mc3bggp/bspitz/Seals/WV03_20171026103526_104001003362F300_17OCT26103526-P1BS-501896772070_01_P001_u08rf3031.tif,1269
/pylon5/mc3bggp/bspitz/Seals/WV03_20170907220801_1040010031027700_17SEP07220801-P1BS-501984203070_01_P006_u08rf3031.tif,1270
/pylon5/mc3bggp/bspitz/Seals/WV03_20171204204429_1040010036202100_17DEC04204429-P1BS-501953986080_01_P009_u08rf3031.tif,1272
/pylon5/mc3bggp/bspitz/Seals/WV03_20170922144154_1040010033AFD100_17SEP22144154-P1BS-501946342070_01_P009_u08rf3031.tif,1274
/pylon5/mc3bggp/bspitz/Seals/WV03_20171123125647_104001003322E000_17NOV23125647-P1BS-501896678090_01_P001_u08rf3031.tif,1276
/pylon5/mc3bggp/bspitz/Seals/WV03_20171031213616_104001003314DF00_17OCT31213616-P1BS-501896679010_01_P007_u08rf3031.tif,1280
/pylon5/mc3bggp/bspitz/Seals/WV03_20171002154138_10400100335CCB00_17OCT02154138-P1BS-501946295060_01_P006_u08rf3031.tif,1281
/pylon5/mc3bggp/bspitz/Seals/WV03_20171218062931_1040010037954100_17DEC18062931-P1BS-501954101090_01_P001_u08rf3031.tif,1284
/pylon5/mc3bggp/bspitz/Seals/WV03_20171102203218_1040010032524300_17NOV02203218-P1BS-501896674080_01_P008_u08rf3031.tif,1286
/pylon5/mc3bggp/bspitz/Seals/WV03_20171018132444_1040010033539600_17OCT18132444-P1BS-501862013090_01_P008_u08rf3031.tif,1288
/pylon5/mc3bggp/bspitz/Seals/WV03_20171230044452_10400100363F4400_17DEC30044452-P1BS-501954006100_01_P001_u08rf3031.tif,1291
/pylon5/mc3bggp/bspitz/Seals/WV03_20171012213220_1040010033D3CF00_17OCT12213220-P1BS-501862136070_01_P004_u08rf3031.tif,1293
/pylon5/mc3bggp/bspitz/Seals/WV03_20171109043012_104001003597A300_17NOV09043012-P1BS-501932186070_01_P003_u08rf3031.tif,1293
/pylon5/mc3bggp/bspitz/Seals/WV03_20171008140048_1040010034D3E100_17OCT08140048-P1BS-501862244010_01_P004_u08rf3031.tif,1294
/pylon5/mc3bggp/bspitz/Seals/WV03_20171020233453_10400100342CFB00_17OCT20233453-P1BS-501862146040_01_P006_u08rf3031.tif,1296
/pylon5/mc3bggp/bspitz/Seals/WV03_20171212175402_1040010036569100_17DEC12175402-P1BS-501954093030_01_P002_u08rf3031.tif,1298
/pylon5/mc3bggp/bspitz/Seals/WV03_20170921012916_1040010032977200_17SEP21012916-P1BS-501946248010_01_P003_u08rf3031.tif,1299
/pylon5/mc3bggp/bspitz/Seals/WV03_20170916014807_104001003297CB00_17SEP16014807-P1BS-501946249030_01_P002_u08rf3031.tif,1300
/pylon5/mc3bggp/bspitz/Seals/WV03_20171119133415_1040010034283300_17NOV19133415-P1BS-501896796020_01_P002_u08rf3031.tif,1301
/pylon5/mc3bggp/bspitz/Seals/WV03_20171225001344_104001003780E700_17DEC25001344-P1BS-501968402010_01_P002_u08rf3031.tif,1304
/pylon5/mc3bggp/bspitz/Seals/WV03_20171231211240_10400100384CBF00_17DEC31211240-P1BS-501954067030_01_P006_u08rf3031.tif,1305
/pylon5/mc3bggp/bspitz/Seals/WV03_20170927173702_1040010032867700_17SEP27173702-P1BS-501946246010_01_P002_u08rf3031.tif,1307
/pylon5/mc3bggp/bspitz/Seals/WV03_20170903031700_10400100322EC600_17SEP03031700-P1BS-501603140100_01_P004_u08rf3031.tif,1309
/pylon5/mc3bggp/bspitz/Seals/WV03_20171007201518_104001003337CB00_17OCT07201518-P1BS-501862009080_01_P001_u08rf3031.tif,1310
/pylon5/mc3bggp/bspitz/Seals/WV03_20170916162233_104001003264A600_17SEP16162233-P1BS-501946239040_01_P005_u08rf3031.tif,1311
/pylon5/mc3bggp/bspitz/Seals/WV03_20180110221001_10400100371B6700_18JAN10221001-P1BS-501968375020_01_P005_u08rf3031.tif,1312
/pylon5/mc3bggp/bspitz/Seals/WV03_20171211174009_10400100355AD600_17DEC11174009-P1BS-501932126100_01_P008_u08rf3031.tif,1313
/pylon5/mc3bggp/bspitz/Seals/WV03_20171119133336_1040010036102D00_17NOV19133336-P1BS-501934410010_01_P007_u08rf3031.tif,1314
/pylon5/mc3bggp/bspitz/Seals/WV03_20171104031135_104001003536FD00_17NOV04031135-P1BS-501922404010_01_P001_u08rf3031.tif,1316
/pylon5/mc3bggp/bspitz/Seals/WV03_20170917163818_10400100326D0A00_17SEP17163818-P1BS-501946240080_01_P006_u08rf3031.tif,1316
/pylon5/mc3bggp/bspitz/Seals/WV03_20171025021348_104001003420ED00_17OCT25021348-P1BS-501896792030_01_P002_u08rf3031.tif,1318
/pylon5/mc3bggp/bspitz/Seals/WV03_20171203104656_104001003422EE00_17DEC03104656-P1BS-501896794050_01_P008_u08rf3031.tif,1320
/pylon5/mc3bggp/bspitz/Seals/WV03_20171114054717_104001003536AF00_17NOV14054717-P1BS-501922403100_01_P004_u08rf3031.tif,1321
/pylon5/mc3bggp/bspitz/Seals/WV03_20171214182603_10400100365DB100_17DEC14182603-P1BS-501956494030_01_P005_u08rf3031.tif,1322
/pylon5/mc3bggp/bspitz/Seals/WV03_20171219132007_104001003678C300_17DEC19132007-P1BS-501956508090_01_P009_u08rf3031.tif,1323
/pylon5/mc3bggp/bspitz/Seals/WV03_20171229141150_1040010037A28D00_17DEC29141150-P1BS-501954104030_01_P007_u08rf3031.tif,1326
/pylon5/mc3bggp/bspitz/Seals/WV03_20171205125342_1040010035018500_17DEC05125342-P1BS-501920242010_01_P001_u08rf3031.tif,1327
/pylon5/mc3bggp/bspitz/Seals/WV03_20171205125350_1040010035018500_17DEC05125350-P1BS-501920242010_01_P005_u08rf3031.tif,1330
/pylon5/mc3bggp/bspitz/Seals/WV03_20180104141104_1040010036490C00_18JAN04141104-P1BS-501954013010_01_P005_u08rf3031.tif,1331
/pylon5/mc3bggp/bspitz/Seals/WV03_20171226051935_1040010036CAF100_17DEC26051935-P1BS-501968316040_01_P001_u08rf3031.tif,1333
/pylon5/mc3bggp/bspitz/Seals/WV03_20171005211858_104001003393B800_17OCT05211858-P1BS-501862028090_01_P007_u08rf3031.tif,1335
/pylon5/mc3bggp/bspitz/Seals/WV03_20171120103820_1040010032AD0200_17NOV20103820-P1BS-501896675030_01_P003_u08rf3031.tif,1338
/pylon5/mc3bggp/bspitz/Seals/WV03_20171203104658_104001003422EE00_17DEC03104658-P1BS-501896794050_01_P009_u08rf3031.tif,1340
/pylon5/mc3bggp/bspitz/Seals/WV03_20171114072446_104001003530B000_17NOV14072446-P1BS-501922399090_01_P002_u08rf3031.tif,1341
/pylon5/mc3bggp/bspitz/Seals/WV03_20171104062457_1040010033AF3000_17NOV04062457-P1BS-501896778090_01_P008_u08rf3031.tif,1342
/pylon5/mc3bggp/bspitz/Seals/WV03_20171130163025_1040010035D7FC00_17NOV30163025-P1BS-501934394100_01_P004_u08rf3031.tif,1343
/pylon5/mc3bggp/bspitz/Seals/WV03_20171123063516_1040010035227A00_17NOV23063516-P1BS-501922389060_01_P001_u08rf3031.tif,1345
/pylon5/mc3bggp/bspitz/Seals/WV03_20170916162239_104001003264A600_17SEP16162239-P1BS-501946239040_01_P010_u08rf3031.tif,1347
/pylon5/mc3bggp/bspitz/Seals/WV03_20180105124801_1040010037CE6800_18JAN05124801-P1BS-501954061030_01_P009_u08rf3031.tif,1348
/pylon5/mc3bggp/bspitz/Seals/WV03_20171218143450_1040010037125100_17DEC18143450-P1BS-501968333060_01_P004_u08rf3031.tif,1348
/pylon5/mc3bggp/bspitz/Seals/WV03_20171109043010_104001003597A300_17NOV09043010-P1BS-501932186070_01_P002_u08rf3031.tif,1350
/pylon5/mc3bggp/bspitz/Seals/WV03_20171111211402_104001003542ED00_17NOV11211402-P1BS-501922413050_01_P004_u08rf3031.tif,1352
/pylon5/mc3bggp/bspitz/Seals/WV03_20171020135154_1040010033635600_17OCT20135154-P1BS-501862018050_01_P002_u08rf3031.tif,1354
/pylon5/mc3bggp/bspitz/Seals/WV03_20171110223239_10400100356A0200_17NOV10223239-P1BS-501932137090_01_P002_u08rf3031.tif,1357
/pylon5/mc3bggp/bspitz/Seals/WV03_20171220070730_104001003555CF00_17DEC20070730-P1BS-501932122090_01_P004_u08rf3031.tif,1357
/pylon5/mc3bggp/bspitz/Seals/WV03_20171130162942_10400100357A9000_17NOV30162942-P1BS-501932166040_01_P002_u08rf3031.tif,1359
/pylon5/mc3bggp/bspitz/Seals/WV03_20171116125435_1040010035704D00_17NOV16125435-P1BS-501932140100_01_P008_u08rf3031.tif,1361
/pylon5/mc3bggp/bspitz/Seals/WV03_20171025035011_10400100340BCC00_17OCT25035011-P1BS-501896785060_01_P001_u08rf3031.tif,1363
/pylon5/mc3bggp/bspitz/Seals/WV03_20171229235447_1040010037181A00_17DEC29235447-P1BS-501968374060_01_P003_u08rf3031.tif,1364
/pylon5/mc3bggp/bspitz/Seals/WV03_20171201195652_104001003703DE00_17DEC01195652-P1BS-501968328100_01_P002_u08rf3031.tif,1365
/pylon5/mc3bggp/bspitz/Seals/WV03_20170905231341_1040010032CDF100_17SEP05231341-P1BS-501603156060_01_P002_u08rf3031.tif,1368
/pylon5/mc3bggp/bspitz/Seals/WV03_20180104141108_1040010036490C00_18JAN04141108-P1BS-501954013010_01_P008_u08rf3031.tif,1369
/pylon5/mc3bggp/bspitz/Seals/WV03_20171114054553_10400100354C4D00_17NOV14054553-P1BS-501932116080_01_P002_u08rf3031.tif,1369
/pylon5/mc3bggp/bspitz/Seals/WV03_20171214182606_10400100365DB100_17DEC14182606-P1BS-501956494030_01_P007_u08rf3031.tif,1371
/pylon5/mc3bggp/bspitz/Seals/WV03_20171008220618_1040010033948000_17OCT08220618-P1BS-501862029010_01_P005_u08rf3031.tif,1371
/pylon5/mc3bggp/bspitz/Seals/WV03_20171023000429_10400100321C5900_17OCT23000429-P1BS-501861930050_01_P001_u08rf3031.tif,1373
/pylon5/mc3bggp/bspitz/Seals/WV03_20171124212202_104001003577B800_17NOV24212202-P1BS-501932164100_01_P002_u08rf3031.tif,1375
/pylon5/mc3bggp/bspitz/Seals/WV03_20170907104831_104001003161E800_17SEP07104831-P1BS-501669232100_01_P002_u08rf3031.tif,1377
/pylon5/mc3bggp/bspitz/Seals/WV03_20180103073028_10400100369EEE00_18JAN03073028-P1BS-501956601030_01_P007_u08rf3031.tif,1380
/pylon5/mc3bggp/bspitz/Seals/WV03_20171007022318_104001003375CF00_17OCT07022318-P1BS-501862023050_01_P005_u08rf3031.tif,1382
/pylon5/mc3bggp/bspitz/Seals/WV03_20171210140717_1040010037BFEF00_17DEC10140717-P1BS-501954113050_01_P001_u08rf3031.tif,1383
/pylon5/mc3bggp/bspitz/Seals/WV03_20170907220741_1040010031C0CA00_17SEP07220741-P1BS-501669351080_01_P004_u08rf3031.tif,1384
/pylon5/mc3bggp/bspitz/Seals/WV03_20171024051241_10400100342F2500_17OCT24051241-P1BS-501896798020_01_P001_u08rf3031.tif,1384
/pylon5/mc3bggp/bspitz/Seals/WV03_20171125102027_104001003608E000_17NOV25102027-P1BS-501934405060_01_P003_u08rf3031.tif,1388
/pylon5/mc3bggp/bspitz/Seals/WV03_20171005225601_10400100332B7E00_17OCT05225601-P1BS-501861948030_01_P002_u08rf3031.tif,1391
/pylon5/mc3bggp/bspitz/Seals/WV03_20171123224028_1040010035766C00_17NOV23224028-P1BS-501932164060_01_P003_u08rf3031.tif,1393
/pylon5/mc3bggp/bspitz/Seals/WV03_20171215054244_1040010036416600_17DEC15054244-P1BS-501954008010_01_P001_u08rf3031.tif,1394
/pylon5/mc3bggp/bspitz/Seals/WV03_20171005033002_1040010035902700_17OCT05033002-P1BS-501862247020_01_P004_u08rf3031.tif,1396
/pylon5/mc3bggp/bspitz/Seals/WV03_20171216172008_104001003667C900_17DEC16172008-P1BS-501956499030_01_P008_u08rf3031.tif,1397
/pylon5/mc3bggp/bspitz/Seals/WV03_20171002185711_1040010033BCDC00_17OCT02185711-P1BS-501946343040_01_P002_u08rf3031.tif,1398
/pylon5/mc3bggp/bspitz/Seals/WV03_20171002154136_10400100335CCB00_17OCT02154136-P1BS-501946295060_01_P005_u08rf3031.tif,1400
/pylon5/mc3bggp/bspitz/Seals/WV03_20171026103528_104001003362F300_17OCT26103528-P1BS-501896772070_01_P002_u08rf3031.tif,1405
/pylon5/mc3bggp/bspitz/Seals/WV03_20171129175044_10400100358FFC00_17NOV29175044-P1BS-501932181010_01_P003_u08rf3031.tif,1406
/pylon5/mc3bggp/bspitz/Seals/WV03_20171205125344_1040010035018500_17DEC05125344-P1BS-501920242010_01_P002_u08rf3031.tif,1407
/pylon5/mc3bggp/bspitz/Seals/WV03_20170927142339_1040010032270C00_17SEP27142339-P1BS-501946227080_01_P007_u08rf3031.tif,1409
/pylon5/mc3bggp/bspitz/Seals/WV03_20170722224416_104001002E7EBE00_17JUL22224416-P1BS-501497905050_01_P007_u08rf3031.tif,1411
/pylon5/mc3bggp/bspitz/Seals/WV03_20171022142434_1040010035CB7300_17OCT22142434-P1BS-501862247080_01_P008_u08rf3031.tif,1413
/pylon5/mc3bggp/bspitz/Seals/WV03_20171204204427_1040010036202100_17DEC04204427-P1BS-501953986080_01_P008_u08rf3031.tif,1415
/pylon5/mc3bggp/bspitz/Seals/WV03_20171216074446_1040010036A22300_17DEC16074446-P1BS-501956604050_01_P001_u08rf3031.tif,1417
/pylon5/mc3bggp/bspitz/Seals/WV03_20171120103927_1040010035AA3700_17NOV20103927-P1BS-501934286080_01_P009_u08rf3031.tif,1418
/pylon5/mc3bggp/bspitz/Seals/WV03_20171211173856_10400100355EFB00_17DEC11173856-P1BS-501932130020_01_P003_u08rf3031.tif,1421
/pylon5/mc3bggp/bspitz/Seals/WV03_20171008220620_1040010033948000_17OCT08220620-P1BS-501862029010_01_P006_u08rf3031.tif,1423
/pylon5/mc3bggp/bspitz/Seals/WV03_20171006213530_1040010032D18A00_17OCT06213530-P1BS-501861938070_01_P006_u08rf3031.tif,1425
/pylon5/mc3bggp/bspitz/Seals/WV03_20170913171345_1040010032983500_17SEP13171345-P1BS-501946249040_01_P001_u08rf3031.tif,1427
/pylon5/mc3bggp/bspitz/Seals/WV03_20171016160520_104001003597C700_17OCT16160520-P1BS-501862249060_01_P010_u08rf3031.tif,1428
/pylon5/mc3bggp/bspitz/Seals/WV03_20171128025629_104001003650AD00_17NOV28025629-P1BS-501954089090_01_P005_u08rf3031.tif,1430
/pylon5/mc3bggp/bspitz/Seals/WV03_20171108202735_10400100349F2D00_17NOV08202735-P1BS-501920090010_01_P001_u08rf3031.tif,1432
/pylon5/mc3bggp/bspitz/Seals/WV03_20171020233455_10400100342CFB00_17OCT20233455-P1BS-501862146040_01_P008_u08rf3031.tif,1436
/pylon5/mc3bggp/bspitz/Seals/WV03_20170915143112_10400100321CA400_17SEP15143112-P1BS-501946225070_01_P003_u08rf3031.tif,1437
/pylon5/mc3bggp/bspitz/Seals/WV03_20170930213754_1040010033186F00_17SEP30213754-P1BS-501946280090_01_P003_u08rf3031.tif,1440
/pylon5/mc3bggp/bspitz/Seals/WV03_20171012132256_10400100341DB600_17OCT12132256-P1BS-501862141090_01_P002_u08rf3031.tif,1442
/pylon5/mc3bggp/bspitz/Seals/WV03_20171011211610_1040010033D7AD00_17OCT11211610-P1BS-501862137040_01_P005_u08rf3031.tif,1443
/pylon5/mc3bggp/bspitz/Seals/WV03_20171007071727_104001003419AD00_17OCT07071727-P1BS-501862141030_01_P001_u08rf3031.tif,1446
/pylon5/mc3bggp/bspitz/Seals/WV03_20171225001255_1040010035A8A900_17DEC25001255-P1BS-501934286050_01_P008_u08rf3031.tif,1449
/pylon5/mc3bggp/bspitz/Seals/WV03_20171105032726_104001003356D400_17NOV05032726-P1BS-501896770020_01_P007_u08rf3031.tif,1450
/pylon5/mc3bggp/bspitz/Seals/WV03_20171025213848_1040010036BA3500_17OCT25213848-P1BS-501968306040_01_P004_u08rf3031.tif,1452
/pylon5/mc3bggp/bspitz/Seals/WV03_20170904225823_10400100311E0C00_17SEP04225823-P1BS-501669221090_01_P001_u08rf3031.tif,1453
/pylon5/mc3bggp/bspitz/Seals/WV03_20170905083926_1040010033990D00_17SEP05083926-P1BS-501603216030_01_P003_u08rf3031.tif,1457
/pylon5/mc3bggp/bspitz/Seals/WV03_20171129210229_1040010036CBBC00_17NOV29210229-P1BS-501968319010_01_P007_u08rf3031.tif,1458
/pylon5/mc3bggp/bspitz/Seals/WV03_20171104143135_104001003434D100_17NOV04143135-P1BS-501917421050_01_P007_u08rf3031.tif,1460
/pylon5/mc3bggp/bspitz/Seals/WV03_20170930133138_104001003349FD00_17SEP30133138-P1BS-501987136100_01_P008_u08rf3031.tif,1461
/pylon5/mc3bggp/bspitz/Seals/WV03_20171007134322_1040010034460400_17OCT07134322-P1BS-501862151010_01_P008_u08rf3031.tif,1463
/pylon5/mc3bggp/bspitz/Seals/WV03_20170912004607_1040010032BA9C00_17SEP12004607-P1BS-501946254030_01_P007_u08rf3031.tif,1466
/pylon5/mc3bggp/bspitz/Seals/WV03_20171017063557_1040010034422D00_17OCT17063557-P1BS-501862150070_01_P004_u08rf3031.tif,1469
/pylon5/mc3bggp/bspitz/Seals/WV03_20170912134258_10400100322C0100_17SEP12134258-P1BS-501946228060_01_P007_u08rf3031.tif,1469
/pylon5/mc3bggp/bspitz/Seals/WV03_20171027140330_1040010034872700_17OCT27140330-P1BS-501920081070_01_P009_u08rf3031.tif,1471
/pylon5/mc3bggp/bspitz/Seals/WV03_20171115025711_1040010034031900_17NOV15025711-P1BS-501896783010_01_P001_u08rf3031.tif,1473
/pylon5/mc3bggp/bspitz/Seals/WV03_20171016160510_104001003597C700_17OCT16160510-P1BS-501862249060_01_P005_u08rf3031.tif,1477
/pylon5/mc3bggp/bspitz/Seals/WV03_20170927142344_1040010032270C00_17SEP27142344-P1BS-501946227080_01_P010_u08rf3031.tif,1479
/pylon5/mc3bggp/bspitz/Seals/WV03_20170912134253_10400100322C0100_17SEP12134253-P1BS-501946228060_01_P004_u08rf3031.tif,1481
/pylon5/mc3bggp/bspitz/Seals/WV03_20171118114304_1040010036918E00_17NOV18114304-P1BS-501956590070_01_P009_u08rf3031.tif,1485
/pylon5/mc3bggp/bspitz/Seals/WV03_20171124100414_10400100351F5800_17NOV24100414-P1BS-501920264020_01_P004_u08rf3031.tif,1486
/pylon5/mc3bggp/bspitz/Seals/WV03_20171121060617_1040010034B6BB00_17NOV21060617-P1BS-501920101030_01_P001_u08rf3031.tif,1488
/pylon5/mc3bggp/bspitz/Seals/WV03_20171008220623_1040010033948000_17OCT08220623-P1BS-501862029010_01_P008_u08rf3031.tif,1490
/pylon5/mc3bggp/bspitz/Seals/WV03_20170908074957_10400100328AAE00_17SEP08074957-P1BS-501603150030_01_P001_u08rf3031.tif,1492
/pylon5/mc3bggp/bspitz/Seals/WV03_20171120041512_1040010035814900_17NOV20041512-P1BS-501932171020_01_P005_u08rf3031.tif,1495
/pylon5/mc3bggp/bspitz/Seals/WV03_20171119115812_10400100355FAB00_17NOV19115812-P1BS-501932131010_01_P002_u08rf3031.tif,1496
/pylon5/mc3bggp/bspitz/Seals/WV03_20180105142259_10400100363DAA00_18JAN05142259-P1BS-501954006070_01_P001_u08rf3031.tif,1497
/pylon5/mc3bggp/bspitz/Seals/WV03_20171007201427_104001003354C000_17OCT07201427-P1BS-501862014020_01_P002_u08rf3031.tif,1498
/pylon5/mc3bggp/bspitz/Seals/WV03_20171115025715_1040010034031900_17NOV15025715-P1BS-501896783010_01_P004_u08rf3031.tif,1499
/pylon5/mc3bggp/bspitz/Seals/WV03_20171119213934_10400100353D7F00_17NOV19213934-P1BS-501922410010_01_P003_u08rf3031.tif,1501
/pylon5/mc3bggp/bspitz/Seals/WV03_20171016192110_1040010034A0E500_17OCT16192110-P1BS-501862233030_01_P001_u08rf3031.tif,1504
/pylon5/mc3bggp/bspitz/Seals/WV03_20171027220932_10400100354D5300_17OCT27220932-P1BS-501932117020_01_P001_u08rf3031.tif,1506
/pylon5/mc3bggp/bspitz/Seals/WV03_20171004192848_104001003213CF00_17OCT04192848-P1BS-501861930040_01_P005_u08rf3031.tif,1507
/pylon5/mc3bggp/bspitz/Seals/WV03_20171231050113_10400100374AFB00_17DEC31050113-P1BS-501968386090_01_P001_u08rf3031.tif,1511
/pylon5/mc3bggp/bspitz/Seals/WV03_20171128204754_1040010035C91100_17NOV28204754-P1BS-501934390030_01_P006_u08rf3031.tif,1515
/pylon5/mc3bggp/bspitz/Seals/WV03_20170914155256_1040010033BB8600_17SEP14155256-P1BS-501946344100_01_P003_u08rf3031.tif,1516
/pylon5/mc3bggp/bspitz/Seals/WV03_20171115042452_1040010035B2DE00_17NOV15042452-P1BS-501934293030_01_P001_u08rf3031.tif,1518
/pylon5/mc3bggp/bspitz/Seals/WV03_20170831233206_10400100328B5900_17AUG31233206-P1BS-501603150040_01_P001_u08rf3031.tif,1520
/pylon5/mc3bggp/bspitz/Seals/WV03_20171119213859_1040010034744500_17NOV19213859-P1BS-501917443090_01_P003_u08rf3031.tif,1523
/pylon5/mc3bggp/bspitz/Seals/WV03_20180107195055_10400100356CA000_18JAN07195055-P1BS-501932139090_01_P006_u08rf3031.tif,1526
/pylon5/mc3bggp/bspitz/Seals/WV03_20171115025720_1040010034031900_17NOV15025720-P1BS-501896783010_01_P008_u08rf3031.tif,1527
/pylon5/mc3bggp/bspitz/Seals/WV03_20171225114150_1040010037D15800_17DEC25114150-P1BS-501954061100_01_P009_u08rf3031.tif,1527
/pylon5/mc3bggp/bspitz/Seals/WV03_20171016174514_104001003434BF00_17OCT16174514-P1BS-501989207080_01_P003_u08rf3031.tif,1528
/pylon5/mc3bggp/bspitz/Seals/WV03_20171129210233_1040010036CBBC00_17NOV29210233-P1BS-501968319010_01_P009_u08rf3031.tif,1530
/pylon5/mc3bggp/bspitz/Seals/WV03_20171030212036_1040010035A3EE00_17OCT30212036-P1BS-501934283030_01_P006_u08rf3031.tif,1532
/pylon5/mc3bggp/bspitz/Seals/WV03_20171119053650_1040010034979B00_17NOV19053650-P1BS-501920087070_01_P008_u08rf3031.tif,1534
/pylon5/mc3bggp/bspitz/Seals/WV03_20171001134901_104001003269F200_17OCT01134901-P1BS-501946240100_01_P003_u08rf3031.tif,1535
/pylon5/mc3bggp/bspitz/Seals/WV03_20171024002003_10400100325AC600_17OCT24002003-P1BS-501896676070_01_P001_u08rf3031.tif,1540
/pylon5/mc3bggp/bspitz/Seals/WV03_20170916162230_104001003264A600_17SEP16162230-P1BS-501946239040_01_P003_u08rf3031.tif,1542
/pylon5/mc3bggp/bspitz/Seals/WV03_20171011211657_1040010033156200_17OCT11211657-P1BS-501861946030_01_P003_u08rf3031.tif,1544
/pylon5/mc3bggp/bspitz/Seals/WV03_20171007134243_104001003465C200_17OCT07134243-P1BS-501862157090_01_P004_u08rf3031.tif,1547
/pylon5/mc3bggp/bspitz/Seals/WV03_20170901140412_10400100324F2D00_17SEP01140412-P1BS-501603144060_01_P005_u08rf3031.tif,1550
/pylon5/mc3bggp/bspitz/Seals/WV03_20170924003930_104001003211A800_17SEP24003930-P1BS-501946169050_01_P001_u08rf3031.tif,1553
/pylon5/mc3bggp/bspitz/Seals/WV03_20180105124701_1040010037C32200_18JAN05124701-P1BS-501954114090_01_P009_u08rf3031.tif,1554
/pylon5/mc3bggp/bspitz/Seals/WV03_20171217141952_1040010037587B00_17DEC17141952-P1BS-501968392040_01_P007_u08rf3031.tif,1558
/pylon5/mc3bggp/bspitz/Seals/WV03_20171225114044_10400100353B5D00_17DEC25114044-P1BS-501922408040_01_P009_u08rf3031.tif,1559
/pylon5/mc3bggp/bspitz/Seals/WV03_20171011081913_1040010034168C00_17OCT11081913-P1BS-501862141020_01_P003_u08rf3031.tif,1562
/pylon5/mc3bggp/bspitz/Seals/WV03_20171020135051_1040010033C33D00_17OCT20135051-P1BS-501862132010_01_P005_u08rf3031.tif,1564
/pylon5/mc3bggp/bspitz/Seals/WV03_20170914155152_1040010033B3D800_17SEP14155152-P1BS-501946341070_01_P003_u08rf3031.tif,1568
/pylon5/mc3bggp/bspitz/Seals/WV03_20171221090203_1040010036A71B00_17DEC21090203-P1BS-501956606080_01_P007_u08rf3031.tif,1569
/pylon5/mc3bggp/bspitz/Seals/WV03_20171204110546_104001003675FA00_17DEC04110546-P1BS-501956507020_01_P004_u08rf3031.tif,1570
/pylon5/mc3bggp/bspitz/Seals/WV03_20171224062504_1040010036A3B100_17DEC24062504-P1BS-501956604060_01_P001_u08rf3031.tif,1573
/pylon5/mc3bggp/bspitz/Seals/WV03_20171017211407_1040010033D5C700_17OCT17211407-P1BS-501989205090_01_P009_u08rf3031.tif,1577
/pylon5/mc3bggp/bspitz/Seals/WV03_20171117031933_1040010034AB3500_17NOV17031933-P1BS-501920096050_01_P005_u08rf3031.tif,1580
/pylon5/mc3bggp/bspitz/Seals/WV03_20170912134255_10400100322C0100_17SEP12134255-P1BS-501946228060_01_P005_u08rf3031.tif,1582
/pylon5/mc3bggp/bspitz/Seals/WV03_20171121140316_104001003414FE00_17NOV21140316-P1BS-501896788080_01_P006_u08rf3031.tif,1585
/pylon5/mc3bggp/bspitz/Seals/WV03_20171004000001_1040010034832400_17OCT04000001-P1BS-501862227020_01_P001_u08rf3031.tif,1588
/pylon5/mc3bggp/bspitz/Seals/WV03_20171118033431_10400100363AA500_17NOV18033431-P1BS-501954003010_01_P003_u08rf3031.tif,1590
/pylon5/mc3bggp/bspitz/Seals/WV03_20171222024022_1040010036C2B900_17DEC22024022-P1BS-501968313030_01_P006_u08rf3031.tif,1592
/pylon5/mc3bggp/bspitz/Seals/WV03_20170908155533_10400100329BBD00_17SEP08155533-P1BS-501603152070_01_P001_u08rf3031.tif,1593
/pylon5/mc3bggp/bspitz/Seals/WV03_20171017211405_1040010033D5C700_17OCT17211405-P1BS-501989205090_01_P008_u08rf3031.tif,1595
/pylon5/mc3bggp/bspitz/Seals/WV03_20170907234440_1040010031ACF900_17SEP07234440-P1BS-501669245060_01_P001_u08rf3031.tif,1598
/pylon5/mc3bggp/bspitz/Seals/WV03_20170912134256_10400100322C0100_17SEP12134256-P1BS-501946228060_01_P006_u08rf3031.tif,1601
/pylon5/mc3bggp/bspitz/Seals/WV03_20171225114143_1040010037D15800_17DEC25114143-P1BS-501954061100_01_P005_u08rf3031.tif,1603
/pylon5/mc3bggp/bspitz/Seals/WV03_20170927012517_1040010033BD9700_17SEP27012517-P1BS-501946345080_01_P003_u08rf3031.tif,1605
/pylon5/mc3bggp/bspitz/Seals/WV03_20171109060540_1040010034D7C000_17NOV09060540-P1BS-501920240080_01_P001_u08rf3031.tif,1607
/pylon5/mc3bggp/bspitz/Seals/WV03_20170927142233_10400100332D4B00_17SEP27142233-P1BS-501946285100_01_P008_u08rf3031.tif,1610
/pylon5/mc3bggp/bspitz/Seals/WV03_20170916032545_10400100328B8C00_17SEP16032545-P1BS-501946247040_01_P001_u08rf3031.tif,1612
/pylon5/mc3bggp/bspitz/Seals/WV03_20171230142734_10400100368CCB00_17DEC30142734-P1BS-501956589010_01_P002_u08rf3031.tif,1613
/pylon5/mc3bggp/bspitz/Seals/WV03_20170914141407_10400100326F7B00_17SEP14141407-P1BS-501946241070_01_P004_u08rf3031.tif,1615
/pylon5/mc3bggp/bspitz/Seals/WV03_20170907220842_1040010030B0A500_17SEP07220842-P1BS-501667677050_01_P003_u08rf3031.tif,1617
/pylon5/mc3bggp/bspitz/Seals/WV03_20170914092336_1040010033D16500_17SEP14092336-P1BS-501946348030_01_P001_u08rf3031.tif,1620
/pylon5/mc3bggp/bspitz/Seals/WV03_20171031070200_104001003433FF00_17OCT31070200-P1BS-501917420090_01_P002_u08rf3031.tif,1622
/pylon5/mc3bggp/bspitz/Seals/WV03_20171213101156_104001003601E700_17DEC13101156-P1BS-501934400030_01_P002_u08rf3031.tif,1622
/pylon5/mc3bggp/bspitz/Seals/WV03_20170929225901_1040010032BC7300_17SEP29225901-P1BS-501946272070_01_P001_u08rf3031.tif,1624
/pylon5/mc3bggp/bspitz/Seals/WV03_20171005211853_104001003393B800_17OCT05211853-P1BS-501862028090_01_P004_u08rf3031.tif,1626
/pylon5/mc3bggp/bspitz/Seals/WV03_20171228122755_10400100379C1A00_17DEC28122755-P1BS-501954100080_01_P001_u08rf3031.tif,1628
/pylon5/mc3bggp/bspitz/Seals/WV03_20171110174244_1040010035A13300_17NOV10174244-P1BS-501934281100_01_P001_u08rf3031.tif,1631
/pylon5/mc3bggp/bspitz/Seals/WV03_20180106031854_10400100378DE800_18JAN06031854-P1BS-501954098030_01_P003_u08rf3031.tif,1634
/pylon5/mc3bggp/bspitz/Seals/WV03_20171031213737_1040010034C84700_17OCT31213737-P1BS-501920107010_01_P007_u08rf3031.tif,1635
/pylon5/mc3bggp/bspitz/Seals/WV03_20171230044600_1040010036D44200_17DEC30044600-P1BS-501968325080_01_P002_u08rf3031.tif,1636
/pylon5/mc3bggp/bspitz/Seals/WV03_20171105064144_10400100345D8400_17NOV05064144-P1BS-501917433080_01_P003_u08rf3031.tif,1639
/pylon5/mc3bggp/bspitz/Seals/WV03_20170930213932_1040010032A16E00_17SEP30213932-P1BS-501946249080_01_P006_u08rf3031.tif,1640
/pylon5/mc3bggp/bspitz/Seals/WV03_20171119133622_10400100350CBE00_17NOV19133622-P1BS-501920249090_01_P008_u08rf3031.tif,1643
/pylon5/mc3bggp/bspitz/Seals/WV03_20171118033505_1040010035802000_17NOV18033505-P1BS-501932170050_01_P009_u08rf3031.tif,1646
/pylon5/mc3bggp/bspitz/Seals/WV03_20171007022409_10400100345F0C00_17OCT07022409-P1BS-501862157010_01_P001_u08rf3031.tif,1648
/pylon5/mc3bggp/bspitz/Seals/WV03_20171119213831_1040010035747000_17NOV19213831-P1BS-501932162050_01_P002_u08rf3031.tif,1650
/pylon5/mc3bggp/bspitz/Seals/WV03_20171215072107_10400100363C5D00_17DEC15072107-P1BS-501954004080_01_P010_u08rf3031.tif,1652
/pylon5/mc3bggp/bspitz/Seals/WV03_20171022044149_1040010034BDBA00_17OCT22044149-P1BS-501862237080_01_P005_u08rf3031.tif,1653
/pylon5/mc3bggp/bspitz/Seals/WV03_20171228185013_1040010036AC4B00_17DEC28185013-P1BS-501956608090_01_P003_u08rf3031.tif,1655
/pylon5/mc3bggp/bspitz/Seals/WV03_20171124212206_104001003577B800_17NOV24212206-P1BS-501932164100_01_P005_u08rf3031.tif,1658
/pylon5/mc3bggp/bspitz/Seals/WV03_20171222024020_1040010036C2B900_17DEC22024020-P1BS-501968313030_01_P005_u08rf3031.tif,1659
/pylon5/mc3bggp/bspitz/Seals/WV03_20170907220738_1040010031C0CA00_17SEP07220738-P1BS-501669351080_01_P002_u08rf3031.tif,1662
/pylon5/mc3bggp/bspitz/Seals/WV03_20171221040229_10400100360D3A00_17DEC21040229-P1BS-501934407020_01_P002_u08rf3031.tif,1664
/pylon5/mc3bggp/bspitz/Seals/WV03_20171229042843_1040010035CF1800_17DEC29042843-P1BS-501934395010_01_P001_u08rf3031.tif,1665
/pylon5/mc3bggp/bspitz/Seals/WV03_20170901024536_1040010031770C00_17SEP01024536-P1BS-501669235050_01_P004_u08rf3031.tif,1666
/pylon5/mc3bggp/bspitz/Seals/WV03_20170925134929_10400100328FF600_17SEP25134929-P1BS-501946247080_01_P011_u08rf3031.tif,1667
/pylon5/mc3bggp/bspitz/Seals/WV03_20171201065740_10400100358AFA00_17DEC01065740-P1BS-501932179010_01_P001_u08rf3031.tif,1668
/pylon5/mc3bggp/bspitz/Seals/WV03_20171105032626_104001003499CC00_17NOV05032626-P1BS-501920089020_01_P007_u08rf3031.tif,1673
/pylon5/mc3bggp/bspitz/Seals/WV03_20170919104257_1040010033D1ED00_17SEP19104257-P1BS-501946348080_01_P009_u08rf3031.tif,1676
/pylon5/mc3bggp/bspitz/Seals/WV03_20171205205941_10400100368C9900_17DEC05205941-P1BS-501956587030_01_P008_u08rf3031.tif,1677
/pylon5/mc3bggp/bspitz/Seals/WV03_20171009110600_1040010033C94400_17OCT09110600-P1BS-501862132080_01_P009_u08rf3031.tif,1679
/pylon5/mc3bggp/bspitz/Seals/WV03_20171118114251_1040010036918E00_17NOV18114251-P1BS-501956590070_01_P002_u08rf3031.tif,1680
/pylon5/mc3bggp/bspitz/Seals/WV03_20170914011634_104001003216DC00_17SEP14011634-P1BS-501946169100_01_P001_u08rf3031.tif,1684
/pylon5/mc3bggp/bspitz/Seals/WV03_20171217080129_10400100362B1100_17DEC17080129-P1BS-501953993070_01_P003_u08rf3031.tif,1685
/pylon5/mc3bggp/bspitz/Seals/WV03_20171202071757_1040010035CCB300_17DEC02071757-P1BS-501934392040_01_P005_u08rf3031.tif,1688
/pylon5/mc3bggp/bspitz/Seals/WV03_20180105124750_1040010037CE6800_18JAN05124750-P1BS-501954061030_01_P002_u08rf3031.tif,1691
/pylon5/mc3bggp/bspitz/Seals/WV03_20171129062527_1040010035A08F00_17NOV29062527-P1BS-501934281080_01_P003_u08rf3031.tif,1693
/pylon5/mc3bggp/bspitz/Seals/WV03_20171115025714_1040010034031900_17NOV15025714-P1BS-501896783010_01_P003_u08rf3031.tif,1694
/pylon5/mc3bggp/bspitz/Seals/WV03_20171203105022_1040010036080E00_17DEC03105022-P1BS-501934403080_01_P007_u08rf3031.tif,1696
/pylon5/mc3bggp/bspitz/Seals/WV03_20170904064837_10400100326A9700_17SEP04064837-P1BS-501603147100_01_P003_u08rf3031.tif,1698
/pylon5/mc3bggp/bspitz/Seals/WV03_20171205062220_1040010037899400_17DEC05062220-P1BS-501954095070_01_P003_u08rf3031.tif,1699
/pylon5/mc3bggp/bspitz/Seals/WV03_20170930213751_1040010033186F00_17SEP30213751-P1BS-501946280090_01_P001_u08rf3031.tif,1701
/pylon5/mc3bggp/bspitz/Seals/WV03_20171116222925_1040010035AFB200_17NOV16222925-P1BS-501934291010_01_P002_u08rf3031.tif,1702
/pylon5/mc3bggp/bspitz/Seals/WV03_20180107194948_1040010036C1DB00_18JAN07194948-P1BS-501968311080_01_P005_u08rf3031.tif,1704
/pylon5/mc3bggp/bspitz/Seals/WV03_20171022044147_1040010034BDBA00_17OCT22044147-P1BS-501862237080_01_P004_u08rf3031.tif,1705
/pylon5/mc3bggp/bspitz/Seals/WV03_20170907220839_1040010030B0A500_17SEP07220839-P1BS-501667677050_01_P001_u08rf3031.tif,1709
/pylon5/mc3bggp/bspitz/Seals/WV03_20171215135725_104001003601D800_17DEC15135725-P1BS-501934400020_01_P004_u08rf3031.tif,1710
/pylon5/mc3bggp/bspitz/Seals/WV03_20170907041917_10400100325D0E00_17SEP07041917-P1BS-501603145100_01_P005_u08rf3031.tif,1712
/pylon5/mc3bggp/bspitz/Seals/WV03_20171114054618_104001003511DF00_17NOV14054618-P1BS-501920253090_01_P001_u08rf3031.tif,1713
/pylon5/mc3bggp/bspitz/Seals/WV03_20170909080629_104001003228C300_17SEP09080629-P1BS-501603140030_01_P002_u08rf3031.tif,1713
/pylon5/mc3bggp/bspitz/Seals/WV03_20171212095738_10400100364CEB00_17DEC12095738-P1BS-501954086050_01_P001_u08rf3031.tif,1716
/pylon5/mc3bggp/bspitz/Seals/WV03_20171120041405_104001003593CB00_17NOV20041405-P1BS-501932183020_01_P005_u08rf3031.tif,1718
/pylon5/mc3bggp/bspitz/Seals/WV03_20171005001523_10400100347C4500_17OCT05001523-P1BS-501862223100_01_P002_u08rf3031.tif,1721
/pylon5/mc3bggp/bspitz/Seals/WV03_20170928063249_1040010033817400_17SEP28063249-P1BS-501946332010_01_P005_u08rf3031.tif,1722
/pylon5/mc3bggp/bspitz/Seals/WV03_20171011211655_1040010033156200_17OCT11211655-P1BS-501861946030_01_P002_u08rf3031.tif,1723
/pylon5/mc3bggp/bspitz/Seals/WV03_20171114041057_1040010035483100_17NOV14041057-P1BS-501922416070_01_P005_u08rf3031.tif,1724
/pylon5/mc3bggp/bspitz/Seals/WV03_20171005100217_1040010033582800_17OCT05100217-P1BS-501862015100_01_P007_u08rf3031.tif,1725
/pylon5/mc3bggp/bspitz/Seals/WV03_20170916014918_1040010033917D00_17SEP16014918-P1BS-501946336010_01_P003_u08rf3031.tif,1726
/pylon5/mc3bggp/bspitz/Seals/WV03_20171006213422_10400100333A7700_17OCT06213422-P1BS-501862010020_01_P006_u08rf3031.tif,1727
/pylon5/mc3bggp/bspitz/Seals/WV03_20180105124752_1040010037CE6800_18JAN05124752-P1BS-501954061030_01_P003_u08rf3031.tif,1728
/pylon5/mc3bggp/bspitz/Seals/WV03_20171227151856_1040010036241000_17DEC27151856-P1BS-501953988080_01_P007_u08rf3031.tif,1732
/pylon5/mc3bggp/bspitz/Seals/WV03_20170907220759_1040010031027700_17SEP07220759-P1BS-501984203070_01_P005_u08rf3031.tif,1734
/pylon5/mc3bggp/bspitz/Seals/WV03_20171005100301_10400100344F3700_17OCT05100301-P1BS-501862152020_01_P001_u08rf3031.tif,1737
/pylon5/mc3bggp/bspitz/Seals/WV03_20171114054715_104001003536AF00_17NOV14054715-P1BS-501922403100_01_P002_u08rf3031.tif,1739
/pylon5/mc3bggp/bspitz/Seals/WV03_20171117031935_1040010034AB3500_17NOV17031935-P1BS-501920096050_01_P006_u08rf3031.tif,1743
/pylon5/mc3bggp/bspitz/Seals/WV03_20171109235324_10400100341DFC00_17NOV09235324-P1BS-501896793030_01_P010_u08rf3031.tif,1743
/pylon5/mc3bggp/bspitz/Seals/WV03_20170919104254_1040010033D1ED00_17SEP19104254-P1BS-501946348080_01_P007_u08rf3031.tif,1746
/pylon5/mc3bggp/bspitz/Seals/WV03_20170924231710_1040010033BD0C00_17SEP24231710-P1BS-501946345060_01_P005_u08rf3031.tif,1748
/pylon5/mc3bggp/bspitz/Seals/WV03_20170914043405_1040010033B73100_17SEP14043405-P1BS-501946342010_01_P008_u08rf3031.tif,1750
/pylon5/mc3bggp/bspitz/Seals/WV03_20170831233313_1040010032C40C00_17AUG31233313-P1BS-501603157060_01_P002_u08rf3031.tif,1751
/pylon5/mc3bggp/bspitz/Seals/WV03_20170923132122_104001003384DE00_17SEP23132122-P1BS-501946333100_01_P006_u08rf3031.tif,1754
/pylon5/mc3bggp/bspitz/Seals/WV03_20171221135438_1040010036229600_17DEC21135438-P1BS-501953987070_01_P002_u08rf3031.tif,1755
/pylon5/mc3bggp/bspitz/Seals/WV03_20171129130216_10400100356F7400_17NOV29130216-P1BS-501932141100_01_P012_u08rf3031.tif,1761
/pylon5/mc3bggp/bspitz/Seals/WV03_20170923002406_1040010032C21500_17SEP23002406-P1BS-501946273010_01_P001_u08rf3031.tif,1762
/pylon5/mc3bggp/bspitz/Seals/WV03_20171221090302_10400100363ECE00_17DEC21090302-P1BS-501954005060_01_P006_u08rf3031.tif,1764
/pylon5/mc3bggp/bspitz/Seals/WV03_20171213101306_1040010036737300_17DEC13101306-P1BS-501956506070_01_P004_u08rf3031.tif,1767
/pylon5/mc3bggp/bspitz/Seals/WV03_20171129130348_1040010036341000_17NOV29130348-P1BS-501954000070_01_P001_u08rf3031.tif,1769
/pylon5/mc3bggp/bspitz/Seals/WV03_20171021234918_1040010035972E00_17OCT21234918-P1BS-501862249050_01_P009_u08rf3031.tif,1771
/pylon5/mc3bggp/bspitz/Seals/WV03_20170903224217_10400100320C2900_17SEP03224217-P1BS-501603137070_01_P004_u08rf3031.tif,1772
/pylon5/mc3bggp/bspitz/Seals/WV03_20171108202716_1040010034929800_17NOV08202716-P1BS-501920086090_01_P006_u08rf3031.tif,1776
/pylon5/mc3bggp/bspitz/Seals/WV03_20171228041521_10400100386FE600_17DEC28041521-P1BS-501954067090_01_P005_u08rf3031.tif,1780
/pylon5/mc3bggp/bspitz/Seals/WV03_20171007201428_104001003354C000_17OCT07201428-P1BS-501862014020_01_P003_u08rf3031.tif,1783
/pylon5/mc3bggp/bspitz/Seals/WV03_20171120055220_10400100341A6000_17NOV20055220-P1BS-501896790010_01_P009_u08rf3031.tif,1784
/pylon5/mc3bggp/bspitz/Seals/WV03_20171231050048_1040010037A2C100_17DEC31050048-P1BS-501954104040_01_P002_u08rf3031.tif,1786
/pylon5/mc3bggp/bspitz/Seals/WV03_20171116075941_1040010035C52500_17NOV16075941-P1BS-501934307080_01_P009_u08rf3031.tif,1788
/pylon5/mc3bggp/bspitz/Seals/WV03_20171030212041_1040010035A3EE00_17OCT30212041-P1BS-501934283030_01_P009_u08rf3031.tif,1790
/pylon5/mc3bggp/bspitz/Seals/WV03_20171003061228_10400100333EF600_17OCT03061228-P1BS-501862011030_01_P003_u08rf3031.tif,1792
/pylon5/mc3bggp/bspitz/Seals/WV03_20170925072255_1040010033869B00_17SEP25072255-P1BS-501946333020_01_P003_u08rf3031.tif,1794
/pylon5/mc3bggp/bspitz/Seals/WV03_20170907041919_10400100325D0E00_17SEP07041919-P1BS-501603145100_01_P006_u08rf3031.tif,1798
/pylon5/mc3bggp/bspitz/Seals/WV03_20180103104645_10400100370F2300_18JAN03104645-P1BS-501968330060_01_P008_u08rf3031.tif,1801
/pylon5/mc3bggp/bspitz/Seals/WV03_20170927173757_1040010034424900_17SEP27173757-P1BS-501946353020_01_P002_u08rf3031.tif,1805
/pylon5/mc3bggp/bspitz/Seals/WV03_20171203105019_1040010036080E00_17DEC03105019-P1BS-501934403080_01_P005_u08rf3031.tif,1807
/pylon5/mc3bggp/bspitz/Seals/WV03_20171005001614_10400100327F1A00_17OCT05001614-P1BS-501861934050_01_P001_u08rf3031.tif,1811
/pylon5/mc3bggp/bspitz/Seals/WV03_20171115024725_1040010034573B00_17NOV15024725-P1BS-501917434020_01_P001_u08rf3031.tif,1812
/pylon5/mc3bggp/bspitz/Seals/WV03_20171010013316_10400100330DD700_17OCT10013316-P1BS-501861942010_01_P005_u08rf3031.tif,1814
/pylon5/mc3bggp/bspitz/Seals/WV03_20171012213111_10400100347FF900_17OCT12213111-P1BS-501862226080_01_P005_u08rf3031.tif,1816
/pylon5/mc3bggp/bspitz/Seals/WV03_20171111050807_1040010035C0B900_17NOV11050807-P1BS-501934300100_01_P005_u08rf3031.tif,1817
/pylon5/mc3bggp/bspitz/Seals/WV03_20171014153443_1040010034271200_17OCT14153443-P1BS-501862144100_01_P003_u08rf3031.tif,1819
/pylon5/mc3bggp/bspitz/Seals/WV03_20171230223249_1040010036247B00_17DEC30223249-P1BS-501953989040_01_P004_u08rf3031.tif,1821
/pylon5/mc3bggp/bspitz/Seals/WV03_20170929015730_1040010033165F00_17SEP29015730-P1BS-501946280050_01_P002_u08rf3031.tif,1826
/pylon5/mc3bggp/bspitz/Seals/WV03_20171115221411_10400100348F8F00_17NOV15221411-P1BS-501920085080_01_P007_u08rf3031.tif,1829
/pylon5/mc3bggp/bspitz/Seals/WV03_20171226101926_1040010035089900_17DEC26101926-P1BS-501920247100_01_P002_u08rf3031.tif,1832
/pylon5/mc3bggp/bspitz/Seals/WV03_20171001040440_1040010033166B00_17OCT01040440-P1BS-501946280060_01_P001_u08rf3031.tif,1834
/pylon5/mc3bggp/bspitz/Seals/WV03_20170925184534_104001003326C100_17SEP25184534-P1BS-501946283090_01_P002_u08rf3031.tif,1836
/pylon5/mc3bggp/bspitz/Seals/WV03_20170916014919_1040010033917D00_17SEP16014919-P1BS-501946336010_01_P004_u08rf3031.tif,1840
/pylon5/mc3bggp/bspitz/Seals/WV03_20171012195606_1040010035523C00_17OCT12195606-P1BS-501862245070_01_P007_u08rf3031.tif,1842
/pylon5/mc3bggp/bspitz/Seals/WV03_20171230044649_1040010036690100_17DEC30044649-P1BS-501956500050_01_P005_u08rf3031.tif,1843
/pylon5/mc3bggp/bspitz/Seals/WV03_20170921160429_1040010033034F00_17SEP21160429-P1BS-501946277010_01_P005_u08rf3031.tif,1846
/pylon5/mc3bggp/bspitz/Seals/WV03_20171218125911_104001003639F700_17DEC18125911-P1BS-501954000020_01_P009_u08rf3031.tif,1850
/pylon5/mc3bggp/bspitz/Seals/WV03_20171217141836_1040010035723600_17DEC17141836-P1BS-501932160020_01_P002_u08rf3031.tif,1853
/pylon5/mc3bggp/bspitz/Seals/WV03_20171214085137_1040010035AF0500_17DEC14085137-P1BS-501934290060_01_P006_u08rf3031.tif,1855
/pylon5/mc3bggp/bspitz/Seals/WV03_20171023193230_10400100334FF900_17OCT23193230-P1BS-501862015020_01_P002_u08rf3031.tif,1858
/pylon5/mc3bggp/bspitz/Seals/WV03_20170908075116_104001003318E700_17SEP08075116-P1BS-501603157010_01_P009_u08rf3031.tif,1859
/pylon5/mc3bggp/bspitz/Seals/WV03_20171104031137_104001003536FD00_17NOV04031137-P1BS-501922404010_01_P002_u08rf3031.tif,1860
/pylon5/mc3bggp/bspitz/Seals/WV03_20170919184739_104001003249E000_17SEP19184739-P1BS-501946235010_01_P003_u08rf3031.tif,1862
/pylon5/mc3bggp/bspitz/Seals/WV03_20170904225825_10400100311E0C00_17SEP04225825-P1BS-501669221090_01_P002_u08rf3031.tif,1867
/pylon5/mc3bggp/bspitz/Seals/WV03_20170919104154_10400100332ACF00_17SEP19104154-P1BS-501946282070_01_P007_u08rf3031.tif,1870
/pylon5/mc3bggp/bspitz/Seals/WV03_20171221090254_10400100363ECE00_17DEC21090254-P1BS-501954005060_01_P001_u08rf3031.tif,1872
/pylon5/mc3bggp/bspitz/Seals/WV03_20171005100302_10400100344F3700_17OCT05100302-P1BS-501862152020_01_P002_u08rf3031.tif,1875
/pylon5/mc3bggp/bspitz/Seals/WV03_20171109235403_104001003376F300_17NOV09235403-P1BS-501896773100_01_P006_u08rf3031.tif,1879
/pylon5/mc3bggp/bspitz/Seals/WV03_20171107040620_10400100356CF400_17NOV07040620-P1BS-501932139010_01_P009_u08rf3031.tif,1883
/pylon5/mc3bggp/bspitz/Seals/WV03_20170907041915_10400100325D0E00_17SEP07041915-P1BS-501603145100_01_P003_u08rf3031.tif,1885
/pylon5/mc3bggp/bspitz/Seals/WV03_20171014135557_1040010033272E00_17OCT14135557-P1BS-501861946040_01_P002_u08rf3031.tif,1888
/pylon5/mc3bggp/bspitz/Seals/WV03_20171123224030_1040010035766C00_17NOV23224030-P1BS-501932164060_01_P004_u08rf3031.tif,1893
/pylon5/mc3bggp/bspitz/Seals/WV03_20171001072006_10400100349A1200_17OCT01072006-P1BS-501946356020_01_P003_u08rf3031.tif,1897
/pylon5/mc3bggp/bspitz/Seals/WV03_20171218081656_104001003587E800_17DEC18081656-P1BS-501932175090_01_P003_u08rf3031.tif,1901
/pylon5/mc3bggp/bspitz/Seals/WV03_20171005100304_10400100344F3700_17OCT05100304-P1BS-501862152020_01_P003_u08rf3031.tif,1902
/pylon5/mc3bggp/bspitz/Seals/WV03_20171006003105_1040010034474500_17OCT06003105-P1BS-501862152100_01_P001_u08rf3031.tif,1904
/pylon5/mc3bggp/bspitz/Seals/WV03_20171120134713_1040010036736300_17NOV20134713-P1BS-501956508010_01_P006_u08rf3031.tif,1907
/pylon5/mc3bggp/bspitz/Seals/WV03_20171123032456_10400100346B2B00_17NOV23032456-P1BS-501917438040_01_P007_u08rf3031.tif,1909
/pylon5/mc3bggp/bspitz/Seals/WV03_20171017095610_104001003540F300_17OCT17095610-P1BS-501750152020_01_P007_u08rf3031.tif,1910
/pylon5/mc3bggp/bspitz/Seals/WV03_20170919122001_1040010032B23000_17SEP19122001-P1BS-501946252030_01_P001_u08rf3031.tif,1912
/pylon5/mc3bggp/bspitz/Seals/WV03_20170916014812_104001003297CB00_17SEP16014812-P1BS-501946249030_01_P005_u08rf3031.tif,1915
/pylon5/mc3bggp/bspitz/Seals/WV03_20171007183802_1040010033051A00_17OCT07183802-P1BS-501861939020_01_P001_u08rf3031.tif,1917
/pylon5/mc3bggp/bspitz/Seals/WV03_20170925184536_104001003326C100_17SEP25184536-P1BS-501946283090_01_P003_u08rf3031.tif,1920
/pylon5/mc3bggp/bspitz/Seals/WV03_20171218081544_104001003616F100_17DEC18081544-P1BS-501934414010_01_P001_u08rf3031.tif,1923
/pylon5/mc3bggp/bspitz/Seals/WV03_20170923132127_104001003384DE00_17SEP23132127-P1BS-501946333100_01_P009_u08rf3031.tif,1925
/pylon5/mc3bggp/bspitz/Seals/WV03_20170914222025_1040010031254E00_17SEP14222025-P1BS-501946157040_01_P001_u08rf3031.tif,1927
/pylon5/mc3bggp/bspitz/Seals/WV03_20170930034958_1040010032459400_17SEP30034958-P1BS-501946234070_01_P002_u08rf3031.tif,1932
/pylon5/mc3bggp/bspitz/Seals/WV03_20171115074601_104001003589DA00_17NOV15074601-P1BS-501932178070_01_P007_u08rf3031.tif,1937
/pylon5/mc3bggp/bspitz/Seals/WV03_20171103124507_104001003476DC00_17NOV03124507-P1BS-501917444070_01_P009_u08rf3031.tif,1938
/pylon5/mc3bggp/bspitz/Seals/WV03_20170917034143_104001003332B600_17SEP17034143-P1BS-501946286080_01_P002_u08rf3031.tif,1939
/pylon5/mc3bggp/bspitz/Seals/WV03_20170920105822_1040010032409700_17SEP20105822-P1BS-501946232040_01_P001_u08rf3031.tif,1942
/pylon5/mc3bggp/bspitz/Seals/WV03_20171101054530_10400100364BCD00_17NOV01054530-P1BS-501954085020_01_P008_u08rf3031.tif,1945
/pylon5/mc3bggp/bspitz/Seals/WV03_20170901042421_104001003004C900_17SEP01042421-P1BS-501667598020_01_P003_u08rf3031.tif,1948
/pylon5/mc3bggp/bspitz/Seals/WV03_20170923132009_1040010032CF9F00_17SEP23132009-P1BS-501946276020_01_P007_u08rf3031.tif,1949
/pylon5/mc3bggp/bspitz/Seals/WV03_20171017063658_1040010033284400_17OCT17063658-P1BS-501861946050_01_P006_u08rf3031.tif,1950
/pylon5/mc3bggp/bspitz/Seals/WV03_20171002024354_1040010033BB5400_17OCT02024354-P1BS-501946343030_01_P008_u08rf3031.tif,1953
/pylon5/mc3bggp/bspitz/Seals/WV03_20170919122002_1040010032B23000_17SEP19122002-P1BS-501946252030_01_P002_u08rf3031.tif,1958
/pylon5/mc3bggp/bspitz/Seals/WV03_20170906215309_104001003221A000_17SEP06215309-P1BS-501603139040_01_P001_u08rf3031.tif,1960
/pylon5/mc3bggp/bspitz/Seals/WV03_20171018145928_104001003316C600_17OCT18145928-P1BS-501861943020_01_P006_u08rf3031.tif,1965
/pylon5/mc3bggp/bspitz/Seals/WV03_20171104062550_10400100345B7800_17NOV04062550-P1BS-501917433040_01_P006_u08rf3031.tif,1969
/pylon5/mc3bggp/bspitz/Seals/WV03_20170913171348_1040010032983500_17SEP13171348-P1BS-501946249040_01_P003_u08rf3031.tif,1971
/pylon5/mc3bggp/bspitz/Seals/WV03_20170901140411_10400100324F2D00_17SEP01140411-P1BS-501603144060_01_P004_u08rf3031.tif,1973
/pylon5/mc3bggp/bspitz/Seals/WV03_20171002073509_10400100334C3600_17OCT02073509-P1BS-501946291070_01_P003_u08rf3031.tif,1976
/pylon5/mc3bggp/bspitz/Seals/WV03_20171002042017_104001003388D600_17OCT02042017-P1BS-501946334080_01_P003_u08rf3031.tif,1978
/pylon5/mc3bggp/bspitz/Seals/WV03_20171007201611_1040010034C66A00_17OCT07201611-P1BS-501862240020_01_P005_u08rf3031.tif,1983
/pylon5/mc3bggp/bspitz/Seals/WV03_20171005100305_10400100344F3700_17OCT05100305-P1BS-501862152020_01_P004_u08rf3031.tif,1989
/pylon5/mc3bggp/bspitz/Seals/WV03_20171004013804_1040010033147300_17OCT04013804-P1BS-501987130070_01_P008_u08rf3031.tif,1992
/pylon5/mc3bggp/bspitz/Seals/WV03_20170911150632_1040010032BC1100_17SEP11150632-P1BS-501603154060_01_P005_u08rf3031.tif,1993
/pylon5/mc3bggp/bspitz/Seals/WV03_20171010044809_10400100346F2000_17OCT10044809-P1BS-501862222020_01_P006_u08rf3031.tif,1998
/pylon5/mc3bggp/bspitz/Seals/WV03_20170910082159_1040010033094B00_17SEP10082159-P1BS-501603156100_01_P007_u08rf3031.tif,1999
/pylon5/mc3bggp/bspitz/Seals/WV03_20170911150634_1040010032BC1100_17SEP11150634-P1BS-501603154060_01_P006_u08rf3031.tif,2002
/pylon5/mc3bggp/bspitz/Seals/WV03_20180110060702_1040010038B41400_18JAN10060702-P1BS-501954069100_01_P003_u08rf3031.tif,2005
/pylon5/mc3bggp/bspitz/Seals/WV03_20171106051910_1040010035A1A800_17NOV06051910-P1BS-501934282040_01_P002_u08rf3031.tif,2009
/pylon5/mc3bggp/bspitz/Seals/WV03_20170930070331_104001003263AA00_17SEP30070331-P1BS-501946239060_01_P003_u08rf3031.tif,2010
/pylon5/mc3bggp/bspitz/Seals/WV03_20171108202714_1040010034929800_17NOV08202714-P1BS-501920086090_01_P005_u08rf3031.tif,2017
/pylon5/mc3bggp/bspitz/Seals/WV03_20170922130455_1040010033D7E700_17SEP22130455-P1BS-501989205100_01_P006_u08rf3031.tif,2020
/pylon5/mc3bggp/bspitz/Seals/WV03_20171111211309_104001003445DC00_17NOV11211309-P1BS-501917427080_01_P009_u08rf3031.tif,2024
/pylon5/mc3bggp/bspitz/Seals/WV03_20170924102306_10400100348BFC00_17SEP24102306-P1BS-501946354020_01_P002_u08rf3031.tif,2025
/pylon5/mc3bggp/bspitz/Seals/WV03_20171111050812_1040010035C0B900_17NOV11050812-P1BS-501934300100_01_P008_u08rf3031.tif,2027
/pylon5/mc3bggp/bspitz/Seals/WV03_20170925184445_104001003243ED00_17SEP25184445-P1BS-501946233030_01_P007_u08rf3031.tif,2032
/pylon5/mc3bggp/bspitz/Seals/WV03_20171007183809_1040010033051A00_17OCT07183809-P1BS-501861939020_01_P005_u08rf3031.tif,2034
/pylon5/mc3bggp/bspitz/Seals/WV03_20171010031016_1040010032BBC600_17OCT10031016-P1BS-501861937080_01_P005_u08rf3031.tif,2037
/pylon5/mc3bggp/bspitz/Seals/WV03_20170913171356_1040010032983500_17SEP13171356-P1BS-501946249040_01_P008_u08rf3031.tif,2041
/pylon5/mc3bggp/bspitz/Seals/WV03_20170927142333_1040010032270C00_17SEP27142333-P1BS-501946227080_01_P003_u08rf3031.tif,2043
/pylon5/mc3bggp/bspitz/Seals/WV03_20170905052515_1040010031031900_17SEP05052515-P1BS-501667686010_01_P002_u08rf3031.tif,2046
/pylon5/mc3bggp/bspitz/Seals/WV03_20180108052646_10400100375AFE00_18JAN08052646-P1BS-501968392090_01_P002_u08rf3031.tif,2049
/pylon5/mc3bggp/bspitz/Seals/WV03_20171007183724_104001003373F600_17OCT07183724-P1BS-501862022080_01_P007_u08rf3031.tif,2052
/pylon5/mc3bggp/bspitz/Seals/WV03_20171218143518_1040010035037B00_17DEC18143518-P1BS-501920244020_01_P001_u08rf3031.tif,2056
/pylon5/mc3bggp/bspitz/Seals/WV03_20180105124655_1040010037C32200_18JAN05124655-P1BS-501954114090_01_P005_u08rf3031.tif,2065
/pylon5/mc3bggp/bspitz/Seals/WV03_20171020171129_1040010034732B00_17OCT20171129-P1BS-501917442030_01_P004_u08rf3031.tif,2074
/pylon5/mc3bggp/bspitz/Seals/WV03_20171109235319_10400100341DFC00_17NOV09235319-P1BS-501896793030_01_P007_u08rf3031.tif,2079
/pylon5/mc3bggp/bspitz/Seals/WV03_20171014153333_1040010034779800_17OCT14153333-P1BS-501862225070_01_P001_u08rf3031.tif,2082
/pylon5/mc3bggp/bspitz/Seals/WV03_20171202071904_10400100363D4C00_17DEC02071904-P1BS-501954005010_01_P007_u08rf3031.tif,2087
/pylon5/mc3bggp/bspitz/Seals/WV03_20170909080521_1040010032BFA300_17SEP09080521-P1BS-501603156020_01_P002_u08rf3031.tif,2091
/pylon5/mc3bggp/bspitz/Seals/WV03_20170922130450_1040010033D7E700_17SEP22130450-P1BS-501989205100_01_P003_u08rf3031.tif,2094
/pylon5/mc3bggp/bspitz/Seals/WV03_20171006213420_10400100333A7700_17OCT06213420-P1BS-501862010020_01_P005_u08rf3031.tif,2100
/pylon5/mc3bggp/bspitz/Seals/WV03_20170915080219_10400100326A7900_17SEP15080219-P1BS-501946240070_01_P007_u08rf3031.tif,2104
/pylon5/mc3bggp/bspitz/Seals/WV03_20170901055952_10400100320FD100_17SEP01055952-P1BS-501603136080_01_P003_u08rf3031.tif,2112
/pylon5/mc3bggp/bspitz/Seals/WV03_20170930070328_104001003263AA00_17SEP30070328-P1BS-501946239060_01_P001_u08rf3031.tif,2123
/pylon5/mc3bggp/bspitz/Seals/WV03_20171104031138_104001003536FD00_17NOV04031138-P1BS-501922404010_01_P003_u08rf3031.tif,2129
/pylon5/mc3bggp/bspitz/Seals/WV03_20170901042315_104001003106A700_17SEP01042315-P1BS-501667684070_01_P002_u08rf3031.tif,2131
/pylon5/mc3bggp/bspitz/Seals/WV03_20171006003108_1040010034474500_17OCT06003108-P1BS-501862152100_01_P003_u08rf3031.tif,2137
/pylon5/mc3bggp/bspitz/Seals/WV03_20171109235310_10400100341DFC00_17NOV09235310-P1BS-501896793030_01_P002_u08rf3031.tif,2142
/pylon5/mc3bggp/bspitz/Seals/WV03_20170927012541_1040010032335400_17SEP27012541-P1BS-501946230050_01_P002_u08rf3031.tif,2147
/pylon5/mc3bggp/bspitz/Seals/WV03_20171218081546_104001003616F100_17DEC18081546-P1BS-501934414010_01_P002_u08rf3031.tif,2152
/pylon5/mc3bggp/bspitz/Seals/WV03_20170912134156_1040010031CB9800_17SEP12134156-P1BS-501946164070_01_P006_u08rf3031.tif,2155
/pylon5/mc3bggp/bspitz/Seals/WV03_20170930035002_1040010032459400_17SEP30035002-P1BS-501946234070_01_P005_u08rf3031.tif,2160
/pylon5/mc3bggp/bspitz/Seals/WV03_20170915080210_10400100326A7900_17SEP15080210-P1BS-501946240070_01_P002_u08rf3031.tif,2165
/pylon5/mc3bggp/bspitz/Seals/WV03_20170906040416_1040010031952700_17SEP06040416-P1BS-501984230050_01_P003_u08rf3031.tif,2170
/pylon5/mc3bggp/bspitz/Seals/WV03_20171120055114_1040010035AAA000_17NOV20055114-P1BS-501934286100_01_P009_u08rf3031.tif,2173
/pylon5/mc3bggp/bspitz/Seals/WV03_20171116044941_1040010035CA1700_17NOV16044941-P1BS-501934391010_01_P010_u08rf3031.tif,2180
/pylon5/mc3bggp/bspitz/Seals/WV03_20171010031101_10400100322AE200_17OCT10031101-P1BS-501861931030_01_P003_u08rf3031.tif,2183
/pylon5/mc3bggp/bspitz/Seals/WV03_20171202071902_10400100363D4C00_17DEC02071902-P1BS-501954005010_01_P006_u08rf3031.tif,2186
/pylon5/mc3bggp/bspitz/Seals/WV03_20170921205633_104001003259F300_17SEP21205633-P1BS-501946236060_01_P002_u08rf3031.tif,2194
/pylon5/mc3bggp/bspitz/Seals/WV03_20171002042028_104001003388D600_17OCT02042028-P1BS-501946334080_01_P009_u08rf3031.tif,2197
/pylon5/mc3bggp/bspitz/Seals/WV03_20171116044834_10400100348D2900_17NOV16044834-P1BS-501920083040_01_P010_u08rf3031.tif,2201
/pylon5/mc3bggp/bspitz/Seals/WV03_20170929225910_1040010032BC7300_17SEP29225910-P1BS-501946272070_01_P006_u08rf3031.tif,2205
/pylon5/mc3bggp/bspitz/Seals/WV03_20171109235356_104001003376F300_17NOV09235356-P1BS-501896773100_01_P002_u08rf3031.tif,2209
/pylon5/mc3bggp/bspitz/Seals/WV03_20171219083130_104001003604C700_17DEC19083130-P1BS-501934402070_01_P005_u08rf3031.tif,2214
/pylon5/mc3bggp/bspitz/Seals/WV03_20171001232928_1040010033295700_17OCT01232928-P1BS-501946282060_01_P007_u08rf3031.tif,2217
/pylon5/mc3bggp/bspitz/Seals/WV03_20171201035047_10400100365C4300_17DEC01035047-P1BS-501956493080_01_P003_u08rf3031.tif,2219
/pylon5/mc3bggp/bspitz/Seals/WV03_20171002042026_104001003388D600_17OCT02042026-P1BS-501946334080_01_P008_u08rf3031.tif,2229
/pylon5/mc3bggp/bspitz/Seals/WV03_20170901010931_1040010032496E00_17SEP01010931-P1BS-501603144050_01_P002_u08rf3031.tif,2240
/pylon5/mc3bggp/bspitz/Seals/WV03_20171002024251_1040010033BB8200_17OCT02024251-P1BS-501946344080_01_P007_u08rf3031.tif,2248
/pylon5/mc3bggp/bspitz/Seals/WV03_20170913153631_1040010032205D00_17SEP13153631-P1BS-501946225100_01_P005_u08rf3031.tif,2256
/pylon5/mc3bggp/bspitz/Seals/WV03_20170901055955_10400100320FD100_17SEP01055955-P1BS-501603136080_01_P005_u08rf3031.tif,2265
/pylon5/mc3bggp/bspitz/Seals/WV03_20171218081550_104001003616F100_17DEC18081550-P1BS-501934414010_01_P004_u08rf3031.tif,2289
/pylon5/mc3bggp/bspitz/Seals/WV03_20171002105049_1040010032079000_17OCT02105049-P1BS-501946167030_01_P002_u08rf3031.tif,2321
/pylon5/mc3bggp/bspitz/Seals/WV03_20170927173755_1040010034424900_17SEP27173755-P1BS-501946353020_01_P001_u08rf3031.tif,2329
/pylon5/mc3bggp/bspitz/Seals/WV03_20171008185339_104001003482C800_17OCT08185339-P1BS-501862227010_01_P001_u08rf3031.tif,2344
/pylon5/mc3bggp/bspitz/Seals/WV03_20170824133741_104001003197AA00_17AUG24133741-P1BS-501984229030_01_P001_u08rf3031.tif,2357
/pylon5/mc3bggp/bspitz/Seals/WV03_20170915080217_10400100326A7900_17SEP15080217-P1BS-501946240070_01_P006_u08rf3031.tif,2394
/pylon5/mc3bggp/bspitz/Seals/WV03_20170915125011_10400100325C3700_17SEP15125011-P1BS-501946236090_01_P003_u08rf3031.tif,2405
/pylon5/mc3bggp/bspitz/Seals/WV03_20170908092637_1040010032261400_17SEP08092637-P1BS-501603139100_01_P002_u08rf3031.tif,2476
/pylon5/mc3bggp/bspitz/Seals/WV03_20170901010830_104001003036A900_17SEP01010830-P1BS-501667658040_01_P002_u08rf3031.tif,2505
/pylon5/mc3bggp/bspitz/Seals/WV03_20170824133743_104001003197AA00_17AUG24133743-P1BS-501984229030_01_P002_u08rf3031.tif,2539
/pylon5/mc3bggp/bspitz/Seals/WV03_20170824133752_104001003197AA00_17AUG24133752-P1BS-501984229030_01_P007_u08rf3031.tif,2571
/pylon5/mc3bggp/bspitz/Seals/WV03_20170824133750_104001003197AA00_17AUG24133750-P1BS-501984229030_01_P006_u08rf3031.tif,2667
/pylon5/mc3bggp/bspitz/Seals/WV03_20170904082455_10400100325F4900_17SEP04082455-P1BS-501603146030_01_P002_u08rf3031.tif,2737
